"logFC","AveExpr","t","P.Value","B","gene","count","sca.t","sca.P.Value","qvalue","sca.qvalue"
2.9415661265278,14.101947761153,21.1104871138939,7.72631991604768e-16,25.9371182237152,"SFRP4",8,22.9209690460956,1.20163201184436e-16,8.57528029810749e-13,1.91327262925068e-13
-2.2831104403086,17.872471213621,-20.7709235249067,1.07726606567175e-15,25.6376949885376,"C7",38,-20.8494184410088,8.54126588594724e-16,8.57528029810749e-13,6.7998231062656e-13
2.28035484347838,13.7499329343087,16.4917280257869,1.1474268052421e-13,21.3143815214515,"UCHL1",7,18.0714696527455,1.59599712694592e-14,4.56688778661997e-11,8.47063989987385e-12
1.99019923601927,17.6919672590299,17.5633448116526,3.24988931447595e-14,22.5023747137025,"SAA1",6,16.0556951187574,1.73273755255726e-13,1.72465668402154e-11,6.89728490150278e-11
-1.85348986141405,16.0965768364003,-14.6773178731114,1.15069965634542e-12,19.112066361297,"SMOC1",16,-15.0252441162884,6.48583544554901e-13,3.6639312818026e-10,2.06538629355358e-10
2.46522191680474,18.8056985897073,14.540068782388,1.38307839925759e-12,18.9347953656376,"TPM2",17,14.3825450174117,1.53586392106022e-12,3.66987176329428e-10,4.07574361847525e-10
1.52201224481711,16.4405312322251,13.9327527900417,3.1764166656025e-12,18.130913248847,"FHL2",14,14.0625895904954,2.38718233662369e-12,6.32124786046614e-10,5.42991362779131e-10
1.86783528936253,20.4557012014203,14.0419853449095,2.72933353697283e-12,18.2778893373466,"TPM1",51,13.9386983058555,2.83793833361122e-12,6.20745975188922e-10,5.64830755555689e-10
2.27432847691334,14.936349782688,13.1613402381534,9.53706607466315e-12,17.0618281990849,"SPON2",9,13.5346821485907,5.03230519228918e-12,1.68704871253697e-09,8.90286589085055e-10
1.73173829963616,17.3814830563993,13.0007741176781,1.20666415962128e-11,16.8322236468133,"FBLN2",22,13.0177059422341,1.06874139610647e-11,1.92106364883598e-09,1.70168041527052e-09
2.12052648768053,13.7834574142812,12.1500993144411,4.36407006252632e-11,15.5727991122706,"BST1",5,12.5430397449111,2.1792619249639e-11,5.78982995616881e-09,3.12629964836219e-09
1.97362216195043,14.3196251979815,12.2862155520652,3.53653767373309e-11,15.7793108361676,"FRZB",5,12.4918689336508,2.35616922250817e-11,5.11847921891005e-09,3.12629964836219e-09
2.21878528891255,14.8541447411434,11.63831857983,9.77861246312005e-11,14.7786084019012,"LMCD1",18,12.1193123705969,4.19038673905095e-11,1.1975377795547e-08,5.13234832344357e-09
2.24987492020927,14.4717531565008,10.3953684286665,7.77387267667874e-10,12.7264423018908,"PRELP",7,10.6261200514312,4.84883245922506e-10,8.16477058521757e-08,5.51460628819436e-08
1.62732247575828,15.8075921705362,10.1363599679479,1.22359968883581e-09,12.2755325655547,"FHL1",14,10.3333351069526,8.0621133653268e-10,1.11541400365589e-07,7.19447787660015e-08
1.18161845133062,17.9941884557819,10.5340720752294,6.11666731715847e-10,12.9645136472912,"PDLIM1",17,10.3320654826279,8.08008066453635e-10,6.95572118112574e-08,7.19447787660015e-08
1.62049569569524,14.4357318157858,9.87615681920062,1.94528638184807e-09,11.814080168825,"ACOT7",8,10.3320438870452,8.08038663709361e-10,1.46900693219054e-07,7.19447787660015e-08
1.31676408352599,15.9229486469103,9.85246318156685,2.02997731805706e-09,11.7716341989742,"LAMB2",47,10.3283224501321,8.13329299084065e-10,1.46900693219054e-07,7.19447787660015e-08
2.08500114514664,15.2821048375615,10.1192749801465,1.26111083508358e-09,12.2454954722087,"PDLIM2",5,10.0140497614444,1.41953624578417e-09,1.11541400365589e-07,1.17741588470474e-07
1.53793249061744,17.7335986568382,10.0722999430879,1.37052346016032e-09,12.1627198430676,"CRYAB",16,9.99116792079899,1.47895349223636e-09,1.14838685783704e-07,1.17741588470474e-07
1.62208659656472,17.6693598894298,10.3642761684489,8.20556761265606e-10,12.6727520819196,"SAA2",6,9.88433939051194,1.79247545375728e-09,8.16477058521757e-08,1.35906206863163e-07
-2.39474105475875,16.4839328153911,-9.68730987403782,2.73722845132487e-09,11.4737699997091,"BCHE",17,-9.74525786288003,2.30702415865273e-09,1.81574620220281e-07,1.66968609594827e-07
1.43543684799267,20.8274997650274,9.78729006127309,2.28323336167132e-09,11.6545091958577,"TAGLN",25,9.66596980484317,2.66678235381924e-09,1.58043924791691e-07,1.84614201332506e-07
-1.36434287353842,19.9661016172935,-9.9421880430689,1.72805984804258e-09,11.9319940516796,"FABP4",12,-9.61894124743094,2.9071937659672e-09,1.37557452528032e-07,1.92871521311804e-07
1.19912260061376,16.497842054635,9.43062254340562,4.38474607478913e-09,11.0038051702759,"HSPB7",8,9.20084444277799,6.33803711355109e-09,2.79228523578504e-07,4.03664110576406e-07
1.08572537316465,15.8554515093157,8.60714237788799,2.10218283713962e-08,9.43707380784143,"EZR",22,8.97949742337065,9.66075607828952e-09,1.15405851270889e-06,5.91620396269629e-07
1.60682017813357,17.5405578457501,9.35590383947885,5.03702237764259e-09,10.8653830968145,"MFAP5",5,8.89620739700476,1.13395525226947e-08,3.08429473835842e-07,6.6206753852221e-07
-1.24046070587891,17.1636207318156,-8.77315019707739,1.5219687901994e-08,9.76027285304182,"LTBP4",33,-8.87092584678541,1.1906771228349e-08,8.97423263411061e-07,6.6206753852221e-07
0.975807348744562,15.505170255001,8.24011287293859,4.34856992913596e-08,8.70911830367237,"PALLD",28,8.86437223118681,1.20585454198877e-08,1.77515872755163e-06,6.6206753852221e-07
-1.01717942049252,15.3717609771744,-8.18958666010413,4.81291611111036e-08,8.60745516254784,"CFB",19,-8.72230672314246,1.58903304573781e-08,1.86887294081994e-06,8.43367854001206e-07
-1.01794370618421,15.7162810884829,-8.32010629164205,3.70585205142367e-08,8.86935265119021,"SNED1",17,-8.68461965891063,1.71046507258727e-08,1.68568092862573e-06,8.78532608129546e-07
1.41600132117883,16.8349992489292,8.75064654398247,1.58974948980575e-08,9.71668052739763,"PEA15",8,8.58579612632684,2.07662293474284e-08,9.03911691249435e-07,1.03326813636444e-06
-1.18237152570863,17.0168787689203,-8.48104051327749,2.69315160444779e-08,9.18905213314382,"SSC5D",24,-8.55584398605202,2.20292739231056e-08,1.38310276172606e-06,1.055159719387e-06
2.165005795745,14.5714399345194,8.37681973901068,3.31029283119339e-08,8.98242137388977,"IL1RL1",9,8.54442249810144,2.25315854203716e-08,1.5881031172407e-06,1.055159719387e-06
-1.8246806933843,14.2968537346822,-8.36461271651586,3.39158163206216e-08,8.95812178771432,"CSRP2",6,-8.52931673781831,2.32141736516833e-08,1.5881031172407e-06,1.05606476669452e-06
-1.70276160973714,16.9982638408879,-8.46248936172303,2.79360545208902e-08,9.15238123921493,"VEGFD",17,-8.48325112853656,2.54308021890597e-08,1.38985800243359e-06,1.12476793802601e-06
1.22527873760068,15.2006356676059,8.02369252277012,6.73154623123007e-08,8.27118515757624,"GARS1",20,8.43179128645535,2.81674842537671e-08,2.49230803670009e-06,1.1850767770172e-06
-1.20761445048243,14.3258537947197,-8.27009324491498,4.09516438080363e-08,8.76927508048309,"MCEE",5,-8.42973522346818,2.82829506153374e-08,1.76208203045687e-06,1.1850767770172e-06
0.75349753892905,17.9959503184254,8.51892571797831,2.49943601315571e-08,9.26379493167859,"BASP1",23,8.37729251669657,3.13994876688481e-08,1.32640487390514e-06,1.2819270863664e-06
1.34774893860635,17.2915047794844,8.19184959851424,4.79106129687786e-08,8.61201592138597,"LOXL3",25,8.23008759828089,4.21887294688043e-08,1.86887294081994e-06,1.67935234247862e-06
1.06553574614158,17.9682920556973,8.24206630220019,4.33157568513103e-08,8.71304170737425,"CKB",18,8.14435833401845,5.01736733868734e-08,1.77515872755163e-06,1.94848654313561e-06
-0.772878982906036,16.8996494392502,-8.03140755635604,6.62679162152707e-08,8.28690787194176,"DPYSL3",17,-8.05571699533725,6.00840582196617e-08,2.49230803670009e-06,2.27779868016129e-06
0.859289100397366,16.1419518241172,7.86379231511894,9.33398009373782e-08,7.94346950497171,"CORO1C",14,8.03527040299307,6.26442486408089e-08,3.25564015739629e-06,2.3196268021814e-06
-1.76084578810698,18.3323740679059,-7.98321950515966,7.30978447018291e-08,8.18856927085945,"POSTN",30,-7.98815544923792,6.89813664715723e-08,2.64488769504951e-06,2.49622935340995e-06
0.971056200885155,17.6868178531432,7.81336078330725,1.03549014983022e-07,7.83937817523993,"FLNC",99,7.88720671471204,8.48857916435726e-08,3.50754664138095e-06,3.00350153722546e-06
1.30455317319517,15.9800354006194,7.60454768591151,1.59725225697124e-07,7.40465727448065,"NOTCH3",24,7.7786855984066,1.06257101590965e-07,4.89018745864012e-06,3.67794730567888e-06
-1.01610986440978,14.3414344639467,-7.31650223487071,2.93218010643645e-07,6.79517957795054,"RPLP2",7,-7.74960523298021,1.12877561695935e-07,8.18975911254844e-06,3.8239757603531e-06
1.66517697361645,13.9329572178577,7.86001418714418,9.40673452745696e-08,7.93568355584322,"ZNF780B",1,7.70276308375577,1.24449646108636e-07,3.25564015739629e-06,4.12817213160588e-06
-1.07407754468137,14.166465408574,-7.0251059280366,5.4824454503327e-07,6.16719021460556,"CES1",10,-7.58958091397536,1.57737989367485e-07,1.39958596665698e-05,5.12561037185131e-06
-1.18350389224669,19.0614870344882,-7.76244470426295,1.15029275547026e-07,7.73393102425222,"FABP5",11,-7.55704558949008,1.68914232403629e-07,3.76179681507865e-06,5.37900079830114e-06
0.670042938545524,16.5490469895471,7.27693149015285,3.19014093451115e-07,6.71056992843928,"EPB41L3",23,7.53939892190808,1.75314201872157e-07,8.75663438300912e-06,5.47333829675771e-06
1.1472869877203,15.7943866461658,7.47448063784809,2.09846736069066e-07,7.13084930691901,"STC1",8,7.46802310441979,2.03857977377772e-07,6.18676755765104e-06,6.2420858358074e-06
0.829651708381153,19.8121293709338,7.75929720149969,1.15780674091086e-07,7.72740082527992,"LASP1",16,7.45092416949405,2.11380819897911e-07,3.76179681507865e-06,6.35031220861678e-06
0.800782262776504,17.2214225184742,7.70076769677686,1.30714455282595e-07,7.60571972967937,"CFL2",10,7.40938401212396,2.30871315800749e-07,4.1620659140088e-06,6.80740497008446e-06
-0.98960330891278,16.6312385369312,-7.1914488599092,3.83024250611553e-07,6.5270709515584,"LMNB1",24,-7.31091376958689,2.84819904624528e-07,1.0163197420557e-05,8.09836658447933e-06
0.620159807146553,20.9506064075668,7.65917507579452,1.42523377341667e-07,7.51896341612241,"CFL1",25,7.3109032714345,2.84826300986099e-07,4.44909080562416e-06,8.09836658447933e-06
0.830804942197563,19.2658526812952,7.58815723029513,1.65293462810646e-07,7.3702808567539,"DSTN",14,7.27679841030402,3.06406664226917e-07,4.96518173464548e-06,8.55911221421413e-06
0.928011865792886,18.1384212886158,7.43371106442506,2.28695654656272e-07,7.04454801221337,"MARCKS",10,7.15077411732971,4.01871048703054e-07,6.61988681476438e-06,1.08904942380315e-05
1.14453166930583,18.0404573357328,7.31674321101811,2.93067675148032e-07,6.79569418102087,"PCOLCE2",10,7.14884783624941,4.03547101321714e-07,8.18975911254844e-06,1.08904942380315e-05
1.13755869729745,13.6023750769381,6.52623298314529,1.64253040849108e-06,5.06623164225191,"LMO7",14,7.12165278221813,4.27991678749798e-07,3.23501217848501e-05,1.13576751788064e-05
0.880503526941313,15.0041954663986,6.68594679345063,1.15193776616014e-06,5.42216129480922,"DBN1",12,7.09433243523069,4.54084786842316e-07,2.48619218762133e-05,1.18525688323577e-05
0.900014773011939,16.0671583733124,7.02042005405647,5.53840598637755e-07,6.15699911059194,"NQO1",11,7.07864455796962,4.69801849844074e-07,1.39958596665698e-05,1.20650298875525e-05
0.708058902557863,16.6686735522587,6.77946206491131,9.37280635397593e-07,5.62907066179253,"SND1",33,7.01452455714635,5.4008450693946e-07,2.194401403659e-05,1.36498078806501e-05
1.30641055281017,16.4126935191027,7.07007697915776,4.97405378205931e-07,6.26484790251023,"ACTA2",7,6.96943906089886,5.95903317056779e-07,1.2981831937082e-05,1.46461580158561e-05
-1.09787945652143,19.0265513530394,-7.25858054794599,3.31759118744958e-07,6.67126037034593,"DPT",8,-6.96790448820999,5.97904335987367e-07,8.95212623865462e-06,1.46461580158561e-05
1.52769577863571,17.1582685278879,6.9693563311724,6.1876947468337e-07,6.04575492867511,"H1-5",8,6.89216450600018,7.05757356550472e-07,1.53923258097741e-05,1.70261653730535e-05
-1.69665893810171,14.6865685201086,-6.70336856973047,1.1084268955384e-06,5.46079267580899,"GPD1",17,-6.8823711443518,7.21094292891501e-07,2.48619218762133e-05,1.71365197075648e-05
-1.0521517524777,17.3523491953919,-6.88192738113767,7.48694865027149e-07,5.85449265114912,"GLUL",13,-6.8183404372146,8.30176619086329e-07,1.83377833943231e-05,1.9438688225747e-05
0.991131489487646,16.0341809904385,6.81557009075742,8.65806293101658e-07,5.70866256605169,"GYG1",8,6.76213883634339,9.39851411872717e-07,2.08848876485292e-05,2.16877988468785e-05
-1.19350365055385,15.8756463802373,-6.63332433532989,1.29431657042792e-06,5.3052422945424,"BGN",11,-6.69478807073392,1.09111782120764e-06,2.74748030892652e-05,2.48186970723019e-05
1.15864825525354,13.0027532103742,6.17036058497492,3.66288662490408e-06,4.26202500094788,"ALDH1A3",13,6.68172022255582,1.12324978195218e-06,6.20370250796108e-05,2.51897213502972e-05
-0.9025056586696,13.4340194689365,-6.17785111015318,3.60100028874917e-06,4.27910431984881,"HIBCH",6,-6.67389890161167,1.14294414440635e-06,6.16446723127881e-05,2.52753908238071e-05
-1.32044067439865,16.9698886358731,-6.68450768483292,1.15560942831209e-06,5.41896846754825,"SOD2",11,-6.65465625233471,1.19292000388289e-06,2.48619218762133e-05,2.60191934610204e-05
0.726443675096299,14.5364956276461,6.07155054457729,4.58894840532539e-06,4.03613955375645,"DTYMK",9,6.63150199350654,1.25603883233609e-06,7.45491060197685e-05,2.70256853325544e-05
-1.5613829827775,14.9099870404532,-6.69668495851016,1.12491623891094e-06,5.44597685944216,"ANP32B",4,-6.62001026668652,1.28862743840605e-06,2.48619218762133e-05,2.73318869125931e-05
0.636916099223711,20.2206072527851,6.80568385457879,8.84800572286003e-07,5.68688731074364,"ALDOA",30,6.6144857702296,1.30460139421269e-06,2.10245124196195e-05,2.73318869125931e-05
0.698792700246152,14.6584448837947,5.78793130774099,8.81836855248175e-06,3.38198518780085,"KIF5B",23,6.57400489416929,1.42802188083596e-06,0.000126479636144706,2.95290520870355e-05
0.801055798774957,13.2209912711962,5.671644890662,1.15558113170091e-05,3.11146228193797,"TES",11,6.50642849389897,1.66137904112102e-06,0.00015997714516185,3.34847457126637e-05
1.20525202083547,14.3429223628894,6.68727938035766,1.1485485537743e-06,5.42511755757725,"CRIP2",3,6.49964666226508,1.68686148820092e-06,2.48619218762133e-05,3.35733598441482e-05
1.31602373896683,17.6457265861904,6.5597613237253,1.52422795804375e-06,5.14121466132014,"CNN2",10,6.48821584360732,1.73072256915348e-06,3.11107629242746e-05,3.40210573676199e-05
0.640413485514966,16.4836212657756,6.22269817237296,3.25219857081304e-06,4.38122804299641,"STIP1",28,6.46555039893894,1.82118127682255e-06,5.65175404911075e-05,3.51543601962999e-05
1.11790955156911,20.5523061607021,6.55290981432027,1.54767157932303e-06,5.12590319046341,"SERPING1",17,6.46278777340801,1.83253349550032e-06,3.11894026362749e-05,3.51543601962999e-05
1.01993521609862,15.6109603876478,6.47037869433704,1.8609321808636e-06,4.94101190149549,"EPDR1",7,6.44911925402642,1.8897765644947e-06,3.56950335472163e-05,3.58209040130812e-05
0.955651004472935,14.6905264731626,6.04582357473985,4.86723082196344e-06,3.97714989852212,"YARS1",14,6.41680652718519,2.03249971194175e-06,7.82712173889836e-05,3.80729857343745e-05
1.46997462138639,14.390300401838,6.25773814989302,3.00385979981263e-06,4.46085942580929,"C1orf198",8,6.41093718520523,2.05958654999724e-06,5.37334830561744e-05,3.81317700063665e-05
0.838617382467167,18.6332187181764,6.57082585220668,1.48713492376386e-06,5.16592893047411,"IGFBP5",14,6.3985548082261,2.11795037952081e-06,3.07478665990037e-05,3.87616180242569e-05
2.12595401011044,14.1101356392733,6.25079470257247,3.05147962847391e-06,4.44509107485551,"PSAT1",15,6.38093825433606,2.20391884751687e-06,5.39788100265574e-05,3.98766159697071e-05
0.941341080622465,17.4285334122724,6.43675477243706,2.00655403830561e-06,4.86544706511837,"MYL9",12,6.34768093127206,2.37608741407079e-06,3.80300516104127e-05,4.25086953768924e-05
-0.622985907543288,19.9365791326752,-6.49843150964492,1.7477475029606e-06,5.00395124805521,"COMP",30,-6.33011988664052,2.47249486525021e-06,3.39328376005616e-05,4.37419619041943e-05
0.690786532623541,20.1409733609841,8.27009190228577,4.09517538103819e-08,8.76927238921856,"SH3BGRL3",4,6.31031346161714,2.58604779760399e-06,1.76208203045687e-06,4.5248118422678e-05
-2.59251004413749,13.1656238167733,-6.22083239704221,3.26599669399479e-06,4.37698395287435,"SNCA",5,-6.28368191929081,2.74719997091349e-06,5.65175404911075e-05,4.70340843586933e-05
1.51443107032821,12.5751346660055,6.07624343112228,4.53996754122884e-06,4.04689215233511,"KRT18",7,6.27733714881133,2.78708708239881e-06,7.45137386585505e-05,4.72093535905557e-05
1.80493435043408,14.1444742872969,6.08766201359883,4.42300878380789e-06,4.07304496797208,"NPR3",11,6.2308165469592,3.09824634428321e-06,7.33503025443645e-05,5.19275353130571e-05
-0.716443071244356,12.8661252852195,-6.40940879567013,2.13357103288797e-06,4.80389021928579,"PAGE2B",1,-6.12570969651247,3.93895887485661e-06,3.99616600839255e-05,6.53304399135463e-05
0.611116311970715,18.8832997067841,6.28171731403708,2.84517495344073e-06,4.5152724227526,"TPM3",21,6.09537053667079,4.22262866934551e-06,5.26703090099877e-05,6.93132921435931e-05
-0.719024822258485,14.6845253411873,-6.27069457475508,2.91702521100872e-06,4.49026814670641,"NDUFS6",4,-6.02401994867879,4.97499148183528e-06,5.27731297565406e-05,8.08298243226602e-05
-1.05464321461083,15.0835555033346,-6.52531243808255,1.64590815916277e-06,5.06417097279235,"HINT2",2,-5.97303668516681,5.59538355566861e-06,3.23501217848501e-05,8.82091947500669e-05
1.22546310807227,13.8882560901314,6.02019827335928,5.16158064670559e-06,3.9183221790806,"PAWR",3,5.95127122670982,5.88379276783325e-06,8.13610761376981e-05,9.18464903084453e-05
1.04722105168775,18.6458217464627,6.09306789532146,4.36871609055623e-06,4.08542146630779,"H1-2",9,5.9406092015522,6.03056792681846e-06,7.32125540328818e-05,9.32237047541616e-05
0.778417051639646,15.2510447701393,5.52759742367742,1.61836670772478e-05,2.77465920746694,"KTN1",49,5.92394600386865,6.26748245329117e-06,0.000201290049559557,9.59544579787586e-05
1.06490658949518,14.5614494506271,5.60930051102622,1.33659217729988e-05,2.9659148946594,"MELTF",18,5.89526607692457,6.69773347102234e-06,0.000175860735576588,0.000100606806832418
1.31822433855876,14.9124326258549,5.80891238983527,8.39982893798304e-06,3.43065708613878,"SERPINA3",7,5.87552849280428,7.01124093715961e-06,0.000123823201010446,0.000104331747841043
0.767241134747675,18.9479423750986,5.92723544685527,6.39097785721077e-06,3.7043226348521,"ZYX",21,5.83188807634436,7.75866844352305e-06,9.50908820454826e-05,0.000114384928981951
-0.699435179865507,22.4538114031793,-6.02584061149867,5.0952438919005e-06,3.93128129763865,"LUM",14,-5.81997150781819,7.97655646588968e-06,8.11185759072826e-05,0.000116518347061986
0.908348333522715,13.2860358189682,5.53337854082671,1.59657450189943e-05,2.78821060133137,"GART",5,5.79990826780509,8.35760239939304e-06,0.000201290049559557,0.000120974654464648
-0.625502504788798,17.8305158647428,-5.94008113870151,6.20470234432612e-06,3.73394724363663,"CTSF",15,-5.79195558343133,8.51373340737698e-06,9.40777655133483e-05,0.000122124398359609
0.742534685300592,14.8029096288125,5.39084686276853,2.23228907189218e-05,2.45332210498005,"EHD1",13,5.77620807685858,8.83173038570177e-06,0.000266367907545968,0.000125328056476558
-0.773449716877025,18.9009551798301,-5.79916232877753,8.59174693127511e-06,3.40804424195658,"LTBP1",39,-5.77088291055435,8.94198286942147e-06,0.000124349525380413,0.000125328056476558
0.924651164229397,15.2430202886606,5.56960848587552,1.46663892139025e-05,2.87307255063695,"SEMA7A",15,5.769386852984,8.9732090800846e-06,0.000187139254342633,0.000125328056476558
0.62472808523502,19.476558930845,5.9457855176088,6.12376984054542e-06,3.74709713431632,"TUBA1B",19,5.75009906007065,9.38589077910205e-06,9.37434345236712e-05,0.000129952017081294
-0.972824110121564,15.1859868804071,-5.56882528338008,1.46933074816608e-05,2.87123922016117,"AIFM1",12,-5.73109768712135,9.81137391793338e-06,0.000187139254342633,0.000134671968159897
0.591101316953662,21.0533951568602,5.80486719961998,8.47891708460484e-06,3.42127640098407,"TPM4",31,5.67474978842052,1.1192410665142e-05,0.000123842363284077,0.000150903936126526
-0.813570476293744,17.9301468529681,-5.73342821915661,1.00078788874242e-05,3.25535051874288,"AK2",17,-5.67436263360145,1.12025552434921e-05,0.000140999943362747,0.000150903936126526
0.616802532467329,18.1205511090246,5.95897093275471,5.9407985776614e-06,3.77747953191967,"RAD23B",11,5.6714846290601,1.12782615050747e-05,9.18254243224049e-05,0.000150903936126526
-0.746151428553135,14.2319126936521,-5.12880109010538,4.15325894781235e-05,1.8338331914609,"TNS2",14,-5.64861625872675,1.18986442844374e-05,0.000429362023706768,0.000157877995718936
0.929149118555525,14.0791054610878,5.28467409068255,2.86879669701045e-05,2.20286922574313,"GPC6",11,5.63654196583294,1.2240110876577e-05,0.000317170378731538,0.000161066547899216
1.73194548326774,13.0381233824273,5.63376106038013,1.26235886752759e-05,3.02306117333769,"CXCL8",1,5.61539618090937,1.28623550424354e-05,0.000170316282237288,0.000167867271602327
0.909871666959322,16.7686611718172,5.61661859869488,1.31392844576882e-05,2.98301741265443,"STMN1",11,5.58537518674887,1.38015370324389e-05,0.000175784304191851,0.000178660157588611
0.636717877250799,14.9243735919387,5.15927705028618,3.86283232950743e-05,1.90610118768362,"NANS",12,5.55120595595249,1.49558266919419e-05,0.000404592297230308,0.000192041065920901
-0.726789634626293,20.5286967780123,-5.58308216013267,1.42110864982217e-05,2.90460366731396,"C3",98,-5.54080537139834,1.53263253047161e-05,0.000185448272823932,0.000195224084734543
-1.12926022665448,22.5779856905948,-5.65630344719034,1.19766707387112e-05,3.07567894439786,"PLA2G2A",7,-5.50916886426117,1.6511740446587e-05,0.000164374127879476,0.000208654462380585
0.834652313008981,15.8445460548286,5.33108741863765,2.57051509432443e-05,2.31245247198381,"SCRN1",17,5.45886788365969,1.85917618627579e-05,0.000297278202537674,0.000233089224055158
0.611099405637258,16.307887408018,5.31045893440591,2.69899165540382e-05,2.26376630778904,"BAG3",19,5.4499611781003,1.89869465691281e-05,0.000306922584664867,0.00023618402947047
-0.647438470684722,21.1440718247698,-5.4416441810331,1.98051894201003e-05,2.57285713144478,"LMNA",54,-5.39217891402355,2.17666721198955e-05,0.000240692770247738,0.000268662897441222
0.699515957227465,17.4079207203437,5.68806439923893,1.11220467196191e-05,3.14973639953147,"CLTB",7,5.37481143845766,2.268047931962e-05,0.000155322797655309,0.000277788488890912
0.870372028154035,12.3882087773157,5.61208690355791,1.32791630049688e-05,2.97242730510162,"TBCEL",2,5.36936693442682,2.29748972384014e-05,0.000175860735576588,0.000278004179718945
-0.855746000332399,16.9736384409794,-5.30441643121514,2.73784598574624e-05,2.24949955662117,"LMNB2",34,-5.36803904982429,2.30472911180514e-05,0.000309132909778589,0.000278004179718945
0.905731850377634,13.3872776442273,5.02642171373024,5.30114128042823e-05,1.59069740207704,"GALNT5",7,5.34226099077006,2.44994961934407e-05,0.000520966388877321,0.000293299202278554
-0.938389938141757,14.4059111023377,-5.08637065382436,4.59485746527643e-05,1.733132451818,"KANK2",11,-5.33548849889295,2.48962112901303e-05,0.000465937571931243,0.00029582429068067
0.922245155161384,15.3449052428627,5.17008418836739,3.76486133154738e-05,1.9317155283545,"WARS1",16,5.32371798196204,2.56012832788475e-05,0.000396942296682033,0.000300572214719669
-1.44123756023767,14.9349179312285,-5.49356533524382,1.75293194159742e-05,2.69482945356102,"CTHRC1",2,-5.32253364887647,2.56733398992179e-05,0.000216336941308911,0.000300572214719669
1.51891966023097,13.1849693656147,5.17071582776738,3.75921379943117e-05,1.9332123864615,"CAP2",8,5.31355558075471,2.62263181360186e-05,0.000396942296682033,0.000302596296096878
0.847874562649846,14.6444760883255,5.11684446744579,4.27315954202107e-05,1.80546617254818,"GUK1",7,5.26559046291315,2.93921674921339e-05,0.000438907245630329,0.000336683770879437
-0.984024417241113,16.428247682985,-5.31745294816269,2.65471731030751e-05,2.28027649499651,"HDGF",7,-5.24100319748415,3.11626763047967e-05,0.000304059671605656,0.000351901408413585
-0.898877005770853,14.6594941234009,-5.28619757036064,2.85846883072686e-05,2.20646853985673,"PARP1",4,-5.20206281557179,3.41908977905169e-05,0.000317170378731538,0.000383378301913738
0.949753236727368,17.9196185333616,5.3890102974846,2.24197805239341e-05,2.44899669503331,"PFN2",6,5.18441800848948,3.56596850038147e-05,0.000266367907545968,0.000394166377583328
0.750002605088667,15.9635382719869,5.05866182838909,4.90862877544771e-05,1.66731999925283,"VCAM1",18,5.18201759717974,3.58643834239709e-05,0.000491494209220039,0.000394166377583328
0.685804840024808,15.1218522796382,4.92554560691557,6.74680954409758e-05,1.35065284098264,"VASP",13,5.17928587575742,3.60987841969659e-05,0.00060684883835203,0.000394166377583328
-0.742129746926864,16.0991151998354,-5.64511135430414,1.22935268909226e-05,3.04956039037249,"TIMM8A",4,-5.17876983179021,3.61432384429313e-05,0.000167280752894535,0.000394166377583328
-1.43590343488427,13.8928476583671,-5.25611014196452,3.06960459488874e-05,2.13535659171744,"WASHC3",2,-5.17368924367392,3.658387541765e-05,0.000337030942389564,0.000396257726785074
0.840680592881039,16.3894368833971,5.06481566797803,4.83711927550579e-05,1.68193959890288,"CAP1",26,5.15265556936821,3.84668141998125e-05,0.000487399467364476,0.000411060097068488
-0.851060333532432,15.4303826996864,-5.17790362081612,3.69554896323052e-05,1.95024435687617,"U2AF2",6,-5.13562032890101,4.00635949728444e-05,0.000396942296682033,0.00042526929451153
-1.03737811173906,16.4057841183727,-5.46819135390588,1.86062713074615e-05,2.63524804494307,"GCSH",3,-5.12022667486391,4.15642099664262e-05,0.000227861702377153,0.000438276264927243
-0.648039893072912,16.5920593796439,-5.33004823519829,2.57683619522736e-05,2.31000056206594,"CYB5A",7,-5.11393350497378,4.21939653105694e-05,0.000297278202537674,0.000441989673389213
0.63317311447142,13.6298625494657,4.43861449019823,0.000217670670637889,0.1884277182677,"SWAP70",17,5.10716029395036,4.28825619233356e-05,0.00145605673978182,0.000446266885267769
-0.613576044159107,14.0005347703436,-4.49012055076458,0.000192227826465127,0.311426414682031,"TJP2",14,-5.09127193273068,4.45428501569594e-05,0.0013481733527445,0.000457851958170291
1.02095233222463,18.2551833537562,5.12994890567422,4.14192953008204e-05,1.83655596397037,"CHI3L2",14,5.09008349997646,4.46696241583274e-05,0.000429362023706768,0.000457851958170291
-0.957204361188623,13.4984811422635,-5.00447751787023,5.5863358817224e-05,1.53851637566343,"CARD19",4,-5.08831964313309,4.48584543305826e-05,0.000539012008511797,0.000457851958170291
-1.22911037143436,12.8027556211504,-5.01327450965322,5.47018795619515e-05,1.5594373542089,"GCHFR",4,-5.08032933244934,4.57240342200635e-05,0.00053102350095677,0.000463714053292313
-1.08399287870899,15.7075182714748,-5.33179612054562,2.56621326622442e-05,2.31412458095083,"ADIRF",3,-5.07629753300113,4.61671930515124e-05,0.000297278202537674,0.000465245040816889
-0.871773143067745,13.5039836866886,-4.82767030621744,8.53043998017321e-05,1.11738215026334,"RCC2",6,-5.07139833653117,4.67115492278286e-05,0.00072238533864528,0.000467770162382987
-0.62311605342992,13.8191188007959,-5.24601959306163,3.14390380360924e-05,2.11149419449449,"TIMM8B",3,-5.06425324918408,4.75171198634976e-05,0.000342824407453204,0.000472863176702246
0.67476225004215,16.5830434313585,5.01544671698742,5.44188609511119e-05,1.56460275031467,"EDIL3",16,5.05628730506415,4.84318299898661e-05,0.00053102350095677,0.000478972271575877
0.688058911839615,16.0266738845188,5.23352359375035,3.23844983920341e-05,2.08193426050627,"CDV3",6,5.05000640369731,4.91656014142265e-05,0.000350731829427863,0.000483227576747051
-0.720798678532597,15.5246236283301,-4.7966060576898,9.19079115014472e-05,1.04328431769065,"TLN2",47,-5.0429263141433,5.00062386672239e-05,0.000766081316684149,0.000487524132552246
-1.01130754982025,14.0060684710058,-4.92816057639238,6.7047106523628e-05,1.35688066106939,"TNMD",5,-5.02261366164654,5.24996299457364e-05,0.00060684883835203,0.000506614559910037
0.657427694925495,14.074910951377,4.83659989071777,8.34963218013445e-05,1.13867704976529,"SNAP29",5,5.01347317148962,5.36623119559018e-05,0.000714676893091124,0.000514714805512719
0.743212979354389,15.4372182332187,4.77939101814376,9.57871526365397e-05,1.00221047590274,"PYGB",32,5.00676246679749,5.45324743567966e-05,0.000782038245956686,0.000519929071929987
-0.646605660681441,20.5496087280413,-5.93190012340928,6.32268379737591e-06,3.71508224318148,"MT1X",4,-4.97889021826047,5.83020467869264e-05,9.4962237377266e-05,0.000546059854907153
-0.804097165529507,15.0191093746628,-4.79244125838418,9.28316264734683e-05,1.03334807150663,"PRKAR2A",12,-4.97080883793848,5.94435194746468e-05,0.000769623930782518,0.000550277096385981
-0.663133261951916,13.1655207123812,-4.47240566325607,0.000200622871294256,0.269118878636678,"AKAP13",8,-4.96611523766425,6.01168230261367e-05,0.00137672689769621,0.000553293142326799
-0.583797203232814,15.4684566214187,-4.63966955716057,0.000134045309689318,0.668635399834528,"PHLDB1",27,-4.95467538457504,6.17903639228517e-05,0.00100190688179929,0.000565427430953151
-0.676309206623895,15.3530059590996,-4.87481130316787,7.61859752686763e-05,1.22977489707633,"GATD3B",8,-4.94546637310069,6.31717131916654e-05,0.000666436821032739,0.000574764551643748
0.599901779021664,13.8817638014893,4.46229031544597,0.000205580600736515,0.24496248730249,"STAMBP",8,4.94280416297981,6.35768296524111e-05,0.00139273859005741,0.000575163832252059
1.1251203752886,13.5444100419032,5.03326958673553,5.21519525258539e-05,1.60697637317802,"AGT",2,4.93338570989719,6.50312572823714e-05,0.000515703450647761,0.000584997827520016
-0.942421095984898,16.146716209533,-4.93866114036236,6.53831665265355e-05,1.38188621169454,"FKBP7",8,-4.91492574834975,6.7980180126353e-05,0.000601693316317429,0.000608089742731014
-1.1047932881043,13.02788167947,-4.99670419638646,5.69104340841782e-05,1.52002699934918,"SH3BGRL2",2,-4.91013737942424,6.87669375375751e-05,0.000542538756609298,0.000611690903402856
1.10872399231692,13.669266952633,4.92002197136288,6.83661595343991e-05,1.3374968871753,"RSL1D1",3,4.89333917100835,7.16004436161101e-05,0.000611471926084315,0.000629857793320984
-0.939540202805839,15.5674891166426,-4.86117011708922,7.87184424225549e-05,1.19725888347026,"HMGA2",7,-4.85983821552414,7.76084523907439e-05,0.000681104908218984,0.000678958147569957
-1.35112729149687,12.4266003055971,-4.74907075454925,0.00010302562167524,0.929851965946283,"CLIC2",6,-4.85098619505068,7.92793170053463e-05,0.000828391042642696,0.000686458025714091
0.673713012417821,23.4171399656187,4.87201215317658,7.66988358448573e-05,1.223103153086,"ACTG1",26,4.85073117259828,7.93279882652061e-05,0.000667256822660482,0.000686458025714091
0.837028294218673,14.572145677724,4.66452643411237,0.000126258617535633,0.728000042607982,"PABPC4",9,4.84563403065127,8.03071329754955e-05,0.000957187626044525,0.000691174587880769
0.903946100027756,19.85284350691,4.88615342177,7.41430769754086e-05,1.25680605594493,"CCN2",19,4.84050731716747,8.13042643547144e-05,0.000654184548282187,0.000695994406826811
0.733884463453474,12.4466751348449,4.98741808264342,5.81873480985664e-05,1.4979358523804,"WDR76",1,4.83666104969592,8.20605486583173e-05,0.00055140998174416,0.000698711962700772
-0.721324165466486,13.7767466005639,-4.9319443734025,6.64426415850164e-05,1.36589170526753,"NDUFA7",3,-4.82987895316467,8.341143840159e-05,0.00060684883835203,0.000706436500291964
0.672378492815486,18.7978181265635,4.98143639224547,5.90251869372477e-05,1.48370376290154,"IGFBP2",11,4.81768476278142,8.58970395565359e-05,0.000556039964921248,0.000723638660492527
-0.8279154753954,18.4129928344552,-4.79827430940949,9.15405145582705e-05,1.0472642577144,"SELENBP1",26,-4.78416067494955,9.31224572624826e-05,0.000766081316684149,0.000780380116781021
-0.645581521243557,15.5918537704359,-4.58247215641702,0.000153849365937469,0.53201635751841,"HNRNPU",16,-4.74882108303802,0.000101404230675693,0.00112355557185762,0.000845333492739796
-0.824148828003789,12.939953549236,-4.88485333806743,7.43744070161293e-05,1.25370784431752,"ADAM22",2,-4.73121338334635,0.000105803809630902,0.000654184548282187,0.000874807092506838
-0.844676302041936,19.0827774215653,-4.95648347466158,6.26539704258681e-05,1.42431761180098,"MFAP4",6,-4.73029433561094,0.000106038661067652,0.000586752592361037,0.000874807092506838
-0.646324159749735,17.3615403681971,-5.0423482163775,5.10342142467253e-05,1.62855494197332,"COX5B",6,-4.71804117217373,0.000109220460761148,0.000507804786933537,0.000880635551799094
-0.91679369249349,14.6885868245631,-4.65807595072654,0.000128234446125353,0.712595217465021,"NDUFV2",6,-4.71688723824993,0.000109525016816148,0.000967559286766144,0.000880635551799094
0.597158462525702,18.3426439029818,4.74659640191084,0.000103640138331618,0.92394612666898,"WDR1",28,4.71662034656398,0.000109595578879556,0.000828856129188809,0.000880635551799094
0.783432637907726,16.8862931695178,4.76304348995864,9.96237379329192e-05,0.963200022002543,"ADAMTS5",10,4.71586835390421,0.000109794640602784,0.00080921160419107,0.000880635551799094
0.615421588019171,19.0824519890371,4.73158714823089,0.000107447765977198,0.888119140863192,"ACTN1",57,4.71485429027855,0.000110063652650833,0.000838537643105395,0.000880635551799094
0.709202554750966,18.3912992885734,4.73519661406042,0.000106519409967337,0.896735303933806,"FSCN1",26,4.71230063400654,0.000110744034933848,0.000835387658347418,0.000881648994048086
0.649980540797898,17.3804833004767,4.69199076463404,0.000118183455729609,0.793583854027545,"P4HA1",22,4.69889367814851,0.000114386246770472,0.000908953528725411,0.000904623219975099
-0.596557541289208,20.1210435801913,-4.92585218724728,6.74186005535214e-05,1.35138300709377,"HSPE1",11,-4.69752017594332,0.000114766128485054,0.00060684883835203,0.000904623219975099
-0.646097615953595,14.5156319430949,-4.29619796818773,0.000307016703761209,-0.151397610946706,"MAP1A",25,-4.69535302529646,0.000115368102395336,0.00190931410108491,0.000904888524127164
0.717627677130626,14.649888825164,4.59426792144491,0.000149537473986156,0.560192383541788,"WNT5B",6,4.68563652496901,0.000118106407905321,0.00109709856506414,0.000917328674291604
0.581026332883042,17.8041605740377,4.85539850536644,7.98153712150844e-05,1.18349951362561,"TPT1",10,4.67348369414984,0.000121623640351109,0.000686863043881115,0.000932773647751784
0.802186095576516,17.227411836679,4.708148181129,0.000113677956628796,0.832162313068713,"PDLIM7",12,4.67270543802534,0.000121852441112655,0.000882831332218034,0.000932773647751784
0.786956927944418,14.7578954783096,4.47415783821274,0.000199776372419922,0.27330335774164,"PHGDH",11,4.6558081024763,0.000126928371376406,0.00137672689769621,0.000962375995773169
0.584057178461794,17.8239392551478,4.79034649302119,9.3299761070067e-05,1.02835028398538,"EIF4H",11,4.64116447876156,0.000131499157286266,0.000769623930782518,0.0009923066080581
0.776747392284282,21.5684060656443,4.74152148453672,0.000104912104472038,0.911832820557056,"CD248",11,4.62720539897984,0.000136010421268739,0.000828856129188809,0.00102150781596354
-0.886452960290484,14.0288281291107,-4.74974645002647,0.000102858449134349,0.931464709252713,"COX5A",1,-4.61306586891688,0.000140738796371133,0.000828391042642696,0.00104714163627028
-1.25736114954575,13.9614534836249,-4.63349579304241,0.000136053143982188,0.653889983415596,"TFPI2",3,-4.60604549408828,0.00014314755102668,0.0010074545506112,0.00105607328799488
-0.959774714471637,13.774197381974,-4.69313859907219,0.000117857527331223,0.796324623054186,"INF2",1,-4.60570400609504,0.000143265770526578,0.000908953528725411,0.00105607328799488
0.902479245604987,15.839715052446,4.51871874912481,0.000179413051224619,0.379731800315026,"PLOD2",21,4.60223009397062,0.000144473996313736,0.00127515023282444,0.00106007189692414
0.797409565985877,17.229011220828,4.5484817984073,0.000166986582043454,0.450824301049304,"SCUBE3",17,4.54771321758647,0.000164834615836387,0.00120294187309861,0.00118757628284735
0.663577884253804,16.7875241398678,4.65277721053222,0.000129880758898522,0.699940618940921,"SNX3",8,4.54035564097269,0.000167794977667539,0.000975358554414799,0.00120345914740862
-0.674907743199109,14.145916168246,-4.26419003360284,0.000331696151498776,-0.227690088003597,"FAHD1",8,-4.53453184281462,0.000170176044547228,0.00201411993454289,0.00121506337695016
-0.907981767263482,16.279615002338,-4.94885879552696,6.38071802755452e-05,1.4061663265187,"TIMM13",2,-4.5249901359012,0.000174150772468318,0.000594057910427103,0.00123118478029546
0.867039727028954,13.7191828462486,4.35909772398602,0.000263743911990448,-0.00137365730943184,"OLFML2A",6,4.5235619562621,0.000174753671246334,0.00170687877178073,0.00123118478029546
0.844568364588445,14.7325021649963,4.74051608278323,0.000105165957935062,0.909432969919737,"ODF2",1,4.49687628970342,0.000186412433515191,0.000828856129188809,0.00129611865883174
-1.03397592059059,13.998502790048,-4.4705405579721,0.000201527884910396,0.264664742056649,"ABCF1",4,-4.49364546929227,0.000187875955960992,0.00137700198572168,0.00129623915205822
0.607870204828698,15.4286573721092,4.30188688288893,0.000302826649380256,-0.13783395379884,"PAK2",17,4.49324542739287,0.000188057970822715,0.00189808525483106,0.00129623915205822
0.854076888744405,13.4985051120741,4.24335499807936,0.000348817213504363,-0.277330130770119,"PCDHGB5",9,4.48991204383212,0.000189581524683964,0.00208771692724976,0.00130110814598947
0.781508582018166,15.5686446183445,4.35366717409618,0.000267225769172576,-0.0143307649210742,"AARS1",24,4.48334041519576,0.000192621536801582,0.00171576823347477,0.00131629821259265
-0.731071861647198,16.2144310155918,-4.45365791297345,0.000209908646638215,0.224348528998672,"PTBP1",12,-4.48070342755711,0.000193855110965989,0.00141603395137953,0.00131906673233406
-0.697706080711541,13.0628164278571,-4.48571736469453,0.000194280961316382,0.300910219592208,"IRF2BPL",3,-4.46165504509478,0.000203004545330876,0.00135067263824844,0.0013754451264245
0.708351270976058,14.5671586363628,4.68559497189509,0.000120016242133345,0.778311809657993,"POLR2M",3,4.45499761468374,0.000206303449821698,0.00091861182157054,0.00138614739916292
0.797528988380662,16.1723103034589,4.41763578118295,0.000228978325599045,0.138340605062405,"YWHAH",12,4.44529357420447,0.000211208590989232,0.00152528786474781,0.00140708083387044
-0.782380243380333,12.2517455376158,-4.2360186780887,0.000355053804785144,-0.294804823886418,"CLSTN3",6,-4.42683598230806,0.000220863617757677,0.00211708478145827,0.00146133352252421
1.30071024250637,15.4540097067984,4.52249375741287,0.000177786861840414,0.388748632131546,"TUBB2A",3,4.42623051270871,0.000221187724334673,0.00127497606065446,0.00146133352252421
0.65574884271793,12.5851876650779,4.4666672376339,0.000203420467892154,0.255414832844927,"SDC2",3,4.42264894922381,0.000223114705378963,0.00138399376050026,0.00146797344171567
-0.699888940937429,15.8077140618857,-4.44593505534584,0.000213858115368019,0.205907408344207,"TGFB1",7,-4.40879513175125,0.000230728251293701,0.0014365896392062,0.00150803491241292
0.711663668134026,17.7597579820115,4.63441291256438,0.000135752974408885,0.656080450670879,"ADM",6,4.40813436531011,0.000231097822400945,0.0010074545506112,0.00150803491241292
-1.11353234452618,12.4090751364475,-4.33424689143606,0.00028005834643444,-0.0606602762930706,"ORM2",4,-4.37938305179816,0.000247766490654068,0.00177635654077614,0.00159168129443477
-0.697723829889558,12.7562497578279,-4.18182766663501,0.000404706771932674,-0.423808865384879,"ATAD3A",5,-4.37913606228339,0.000247914782957694,0.00236011500004712,0.00159168129443477
0.666359887931264,17.1290529892424,4.34847368719226,0.000270598698279594,-0.0267215086922867,"RECK",24,4.37598900487077,0.000249812076640343,0.00173014179170511,0.00159488633650783
-0.742590333682138,14.2707589381998,-4.51417433545259,0.000181390518780442,0.36887730657661,"SRSF3",3,-4.37175655054503,0.000252386690406052,0.00128347497555013,0.00160102493670136
-0.625978557535639,16.7610149367961,-4.29094730044204,0.000310935440702773,-0.163915392826766,"TNS1",29,-4.35801284980941,0.000260931735316937,0.00191869463354285,0.00164866239045812
-1.10528662041398,12.8431978431902,-4.22492804488606,0.000364694156985618,-0.321217640962299,"COPS2",6,-4.33866587268255,0.000273453849856333,0.0021664534000856,0.00171588006770765
-0.639044573805759,14.9979460563277,-4.15174981243621,0.000435198580374638,-0.495347150536587,"APBB1IP",12,-4.33825604887969,0.000273725512049621,0.00244825345002292,0.00171588006770765
-0.968343842058079,15.7197648821673,-4.38949901450872,0.000245074684808687,0.0711763952003155,"TIMM9",5,-4.32380493145969,0.000283479508064682,0.00160563756363693,0.00176314112022325
-1.27086265895263,13.9857421960144,-4.26290766382429,0.00033272523132261,-0.230745873539965,"DIABLO",5,-4.3096963553812,0.000293337821184819,0.00201411993454289,0.00181735724908582
0.65364444891933,19.0856796031875,4.34419603120058,0.00027340884102217,-0.0369266848052447,"TUBB4B",20,4.28953990991864,0.000308020120790867,0.00174111671941235,0.001900923982914
-0.670224680059921,17.4383626810078,-4.3645062476371,0.000260321351258902,0.0115316612324952,"PRDX3",10,-4.28337485700283,0.000312655991169784,0.00169160533526053,0.00192208398502115
0.599377101351239,14.5872776573637,4.06886476550375,0.000531606419736221,-0.692210650619092,"SEPTIN8",8,4.2679852593819,0.000324535118054049,0.0028787120595875,0.00198743859787569
0.65780986776948,19.5179899340717,4.31069008088064,0.000296455347812951,-0.116842989223783,"GAPDH",23,4.26238252436321,0.000328970993534203,0.00187289784082261,0.00200688491347282
-0.90514243010713,18.5406369145849,-4.38550940050603,0.000247447091465615,0.0616542844473296,"HMGA1",6,-4.25609882288504,0.000334018162631497,0.00161453650054646,0.00202989774217567
0.593153112776003,15.5766213767381,4.13213938392568,0.000456302771759138,-0.541962446321557,"HSPH1",13,4.25207564518196,0.000337290211771741,0.00251474644291038,0.00204198881389531
0.758551768916739,17.8661516315442,4.26924002628895,0.000327674473585981,-0.215655732027717,"HP",15,4.23898333662618,0.000348161562314058,0.00199874524580603,0.00209982095173382
0.977390705142206,11.9642707533162,4.27001896239968,0.000327058505911963,-0.213799405026858,"SNX4",3,4.23497383705539,0.000351560417146195,0.00199874524580603,0.00210437776123129
-1.0746919915355,12.6534248519589,-4.14840215555314,0.000438731031355019,-0.503306301630999,"ECM2",5,-4.23315508695684,0.000353113083119583,0.00245943502569558,0.00210575536840335
-0.598351685869499,13.4525946927183,-3.82064135442081,0.000966717696730433,-1.27858316559876,"MYLK",10,-4.22665254869808,0.000358720542894396,0.00464972229898618,0.00212329011201738
-1.28648856988541,14.3953718708468,-4.25972037841476,0.000335296823811578,-0.238340640977667,"DDT",3,-4.22244949256608,0.000362392289809961,0.00202036793629891,0.00213295954172305
-0.651692399866295,15.8911522724227,-4.13196430326375,0.000456495714264721,-0.542378524810998,"NAMPT",16,-4.21924731911063,0.000365214851433236,0.00251474644291038,0.00213295954172305
-0.797580662819168,14.6256157942058,-4.06064592354874,0.000542255761338148,-0.711707338483955,"ACY1",12,-4.21776748078796,0.000366526666029978,0.00290671911323117,0.00213295954172305
-0.952678386887147,13.7498911387363,-4.17639038509263,0.000410056451461511,-0.436744643887263,"SNRNP70",4,-4.21567254508008,0.00036839178963975,0.00238203792236556,0.00213295954172305
0.815651803637914,14.0142548091932,4.01346356044865,0.000607631163963885,-0.823539009810948,"FBLIM1",10,4.20972437036767,0.000373739281874595,0.00318136714789859,0.00215608080811469
1.03731249868236,14.9474553683261,4.09811311385938,0.000495370842984488,-0.622790935368,"PTPRF",26,4.2019186687178,0.000380874498538596,0.00270086533056116,0.00218931118315249
0.775196849623462,14.1721264594764,3.98330124296026,0.000653473378346365,-0.894940417350401,"ANXA11",10,4.1771453201595,0.000404433109007233,0.00337778905301682,0.00229554734292978
-1.11991445450033,13.9770328951646,-4.15396152093411,0.000432880365415371,-0.490088406887091,"BCAT2",4,-4.17459164111865,0.00040694277337543,0.00244825345002292,0.00229768030341639
-0.668399392351844,13.880562429186,-3.84935563538642,0.000902229719654786,-1.21105023559022,"C6",14,-4.16862715575435,0.000412865160213028,0.00443084429778901,0.00231470295122984
-1.04672068300006,12.7579772699272,-4.19551418013182,0.000391547216861278,-0.391240784694786,"SIN3A",1,-4.16585568636775,0.000415646257604714,0.00229176761428205,0.00232211852782827
0.698796387314673,19.4617513825066,4.27019644877925,0.000326918315181128,-0.213376423870842,"IGFBP6",9,4.14011600066909,0.000442384861121014,0.00199874524580603,0.00243729323401257
-0.783861729079785,14.8111489656731,-4.41507532395832,0.000230398174579614,0.132227989191897,"NDUFAB1",2,-4.12980220029605,0.000453574255490591,0.00152835109647099,0.00249032350431281
0.725847687287622,16.6629980164232,4.15204961758755,0.000434883613583727,-0.494634324583566,"NEGR1",10,4.12813737263425,0.000455406684537518,0.00244825345002292,0.00249179196508942
0.989277670723492,16.5604885562165,4.09153668763848,0.000503297654494043,-0.638404711390237,"PGM1",16,4.11197326705176,0.000473586223109923,0.00273471848873197,0.00258238849199077
0.977889790356233,14.2053167188769,4.17497710202,0.000411458486613753,-0.440106719921622,"MENT",1,4.0899700380454,0.000499500600105401,0.00238203792236556,0.0027051668264491
-1.27226675494622,13.5698914970017,-3.9801234027115,0.000658499071713559,-0.902458832816018,"ICAM5",12,-4.08505936218156,0.000505474308097153,0.0033927513215353,0.00272317302313491
-0.675242906288652,15.5306482948936,-4.03384452462582,0.000578480752654368,-0.775252201194638,"ECI1",9,-4.07942485588532,0.000512416247728267,0.00306989131044928,0.00273786479218857
-1.2046109657733,13.6774033481177,-3.96729115565922,0.000679186791999071,-0.932809913255974,"NUCKS1",10,-4.07164562235782,0.000522156873380208,0.00348805141972091,0.00277131002993192
-0.645531235788837,14.2073143442954,-3.79661194471881,0.00102417633678448,-1.33502769268742,"TMPO",12,-4.05848395422447,0.000539058643904706,0.00491124946353788,0.00283268807990383
0.882155929512638,15.4967312802168,3.98535737589956,0.000650241978627106,-0.890075391975275,"PLAU",16,4.05615697731523,0.000542103029129763,0.00337203418418514,0.00283931527914902
-0.629943369642833,13.4334317641905,-3.87408332015912,0.000850123442457079,-1.15282336364961,"TBL1XR1",5,-4.05476082308503,0.000543937826892916,0.00422948368987402,0.00283958446553732
-0.666037517913431,16.826442151577,-4.02476599863582,0.000591289596278382,-0.796765034630711,"GOT2",19,-4.04958127510596,0.00055079884879723,0.00310679752031253,0.00286600515031324
0.664900826467505,12.5939227323398,4.14009041772533,0.000447625759993396,-0.523064963680818,"TUBB2B",1,4.04501180367835,0.000556923213316838,0.00250049247579996,0.00288843310483863
-0.845070130281169,14.4711070447337,-4.04921597678101,0.00055741983240046,-0.738813524913452,"SELENOP",4,-4.02800797928815,0.000580314236724818,0.00296801826163849,0.00299026801044104
0.651446530294916,16.5169676607838,3.9583917110733,0.000693912195301192,-0.953850836961603,"UGDH",30,4.02598075689741,0.00058316736715547,0.00354083155415698,0.00299150273588693
0.734994844593736,13.3357267666218,3.84293883830739,0.000916260668827928,-1.22614957018544,"NTN4",6,4.02517060036115,0.000584311487112494,0.00446094257398077,0.00299150273588693
0.601205226933228,19.8794585236528,4.06445951511515,0.000537288238912182,-0.702661340840215,"EEF1A1",24,4.01470806032194,0.000599289047657465,0.00288982113973272,0.0030583495137606
-0.960002332280727,14.164279009922,-4.05532229300769,0.000549266809790141,-0.724333510012504,"IGF1",3,-4.00613033809337,0.000611852767576727,0.00293442107819498,0.00311248996837395
0.602537865564766,12.8470300623503,4.02851013974534,0.000585973163238501,-0.787893518730006,"METAP1",3,4.00236063548049,0.00061745673105237,0.00309932108965321,0.00313099410816291
0.624909094745426,17.9007821196303,4.39871856871929,0.000239679172455325,0.0931822629234746,"TUBB",4,3.98074568593975,0.00065058820408823,0.00158331962435112,0.00327891166109086
-1.62373037064673,14.2407440082085,-3.96253634834601,0.000687015247613867,-0.944052533379532,"BPHL",3,-3.9532547947636,0.00069528965906206,0.00351691059092303,0.00346069240572038
-1.20561202745469,13.7808118592363,-3.94582481165011,0.000715247598106538,-0.983550990422614,"NDUFS5",3,-3.93658222115827,0.000723872391116688,0.00362645339610513,0.00356832875334525
-0.835960223628359,13.0188386218405,-4.0083605265543,0.00061515582935681,-0.835624189198295,"MMAB",2,-3.92900664130563,0.000737242142225871,0.00320050903866393,0.00360391212107125
-0.618804073152635,15.0037739477482,-4.06630944990965,0.000534894894268953,-0.698272855269378,"TIMP4",4,-3.92864798186368,0.000737881162709797,0.00288670083042307,0.00360391212107125
1.11554974000918,15.0033193836464,3.86882491866647,0.000860948211094913,-1.16521072274884,"MCAM",12,3.92543802286376,0.000743624850084364,0.00426999470282552,0.00362085814585
-0.591400048188524,13.9815237095092,-4.01220504149508,0.000609478360635794,-0.826519665787785,"NFU1",3,-3.90034112774327,0.000790087661672639,0.00318136714789859,0.00383536592187553
-0.748357729539483,14.0617202982326,-3.77391171293915,0.00108155551402556,-1.38828890945465,"CRYL1",6,-3.88573913959321,0.000818434137234185,0.00509433448062195,0.00394543997473272
-0.895313179521784,13.3434086368072,-3.82487370428956,0.000956933226591732,-1.26863477052567,"IFI30",4,-3.8767874049749,0.000836308081475594,0.00461660837620322,0.00401082375894618
-0.80174599794322,13.8616989098229,-3.72728058664818,0.00120957997897973,-1.49750323908994,"SPRYD4",7,-3.86308693799009,0.000864415724405414,0.00553363725426154,0.00413317500185939
-0.865990400058029,12.1357163023346,-3.89750513214033,0.000803524411675811,-1.09761430874052,"HMGB3",1,-3.83924690480015,0.000915574265597673,0.00403547957897696,0.00436468071373922
-0.846117544514641,13.818130308518,-3.75980302652114,0.00111880806697178,-1.42136102095462,"CLINT1",5,-3.83463048319803,0.000925821785392898,0.00522251286941971,0.00440035746433661
0.740752409259249,12.7958689701453,3.74428585561591,0.00116124521583363,-1.45770666045355,"AKT1",4,3.81479716618423,0.000971155092885242,0.00538807916359124,0.0046020855081033
-0.931380612776897,12.7378743704536,-3.85258954387539,0.000895239357763374,-1.20343888881398,"LBR",2,-3.79650941544716,0.00101489896396406,0.00442627747949978,0.00478092001502069
-0.648761017436328,14.425120868614,-3.58839445069398,0.00168623250375917,-1.82105688922015,"HNRNPUL2",13,-3.78482271543989,0.00104386822498817,0.00739547668317942,0.00488846072216325
-1.49728208307356,15.6083702529241,-3.83343213163337,0.000937446271271844,-1.24851165575245,"SERPINA7",2,-3.77169268024118,0.00107739143785949,0.00453634241414736,0.00503065471410288
-0.715927756801559,15.3612183833599,-3.87597761889031,0.000846257053720283,-1.14836022526321,"SUB1",4,-3.75730729953271,0.00111534218969616,0.00422344613128942,0.00516515273042246
-0.605841841067221,17.1581531159747,-3.74321730429303,0.00116422539920916,-1.460208412198,"NCL",21,-3.75708899389302,0.00111592817123186,0.00538807916359124,0.00516515273042246
0.841290481614486,17.4548351841304,3.77124714282331,0.0010884958327518,-1.39453675470708,"LBP",10,3.74369315330069,0.00115247365962697,0.00511190074989978,0.00530347197744169
1.10238618518251,13.6734685399536,3.75865667777338,0.00112189001880587,-1.42404711130368,"CDC40",1,3.73365875525581,0.00118062080860009,0.00522251286941971,0.00541734292359778
0.919812181448219,12.004301406149,3.7811584141889,0.0010629008426672,-1.37129266874878,"OGA",1,3.73091543851528,0.00118843345383141,0.00505130142711009,0.00543752158101596
-0.592079253743329,13.1697853868993,-3.3609632758995,0.00289339730877222,-2.34413141373629,"RANBP2",22,-3.71781279422149,0.00122645803136492,0.0107626605953871,0.00559541926324395
-0.761083060428085,14.9681410452365,-3.59603097214969,0.00165578050889004,-1.80333975558605,"CHI3L1",16,-3.70291190666545,0.00127116201610934,0.00730215260290945,0.00571745841096869
-0.627993195451232,14.9907973428466,-3.79338308610639,0.00103215034349292,-1.34260718983963,"ABHD14B",4,-3.68734534652085,0.00131958012111771,0.00493462402237195,0.00591129660724526
0.743330428179933,13.0375094863983,3.47258837080219,0.00222143725717991,-2.08856579507876,"OPTN",12,3.68578556998921,0.0013245307562965,0.00890838309995969,0.00591129660724526
-0.62676900926572,13.3901211714871,-3.44382577271199,0.00237832176853388,-2.15464477859159,"RANBP3",8,-3.67891950572189,0.00134654187235537,0.00932609678189842,0.00597014602179769
0.679970394240106,12.8639854862152,3.73228901990737,0.00119514147804711,-1.48578606632331,"UROS",1,3.67481809137092,0.00135986177063845,0.00549918792249706,0.00597014602179769
-0.630614961831247,15.1570209260085,-3.577342316921,0.00173128270024634,-1.84668230783633,"CNPY2",11,-3.67444250410768,0.00136108801379199,0.00753352545380405,0.00597014602179769
0.796828553569696,17.1807241496734,3.64563069781136,0.00147075740804141,-1.68805084114304,"PTPRS",33,3.66927707376061,0.00137806345978261,0.00657728085958488,0.00602799943218192
0.739274733062199,16.7431450899431,3.63069582719969,0.00152421558955776,-1.72280370399249,"HSPD1",31,3.66780231608225,0.00138294821981709,0.00675938667662136,0.00603279300554456
-0.718480153406473,12.2431920971453,-3.7199018935042,0.00123116593995787,-1.51475973745129,"ASCC2",1,-3.64879408889806,0.0014474563885581,0.00560876022823547,0.00627978524811337
0.604893785186565,13.9546049058985,3.54071681376214,0.00188919673026484,-1.93146243365406,"LIMS1",5,3.64044052749514,0.0014767350916932,0.00791496373455386,0.00637208555294555
0.688590311612856,15.7432496879339,3.56676552631769,0.0017755026573357,-1.87118751928096,"GLUD1",18,3.63573166369239,0.00149349562478868,0.00763967604905488,0.0064189710622637
-0.687222893360797,14.6007010735502,-3.49550558984832,0.00210373684551286,-2.03580895997112,"ACOT1",11,-3.62617206352141,0.00152809986806127,0.00856902711632023,0.00652301347268893
-0.606056723769912,15.7849390149541,-3.49570118150395,0.00210275910647422,-2.03535829615724,"FASN",57,-3.61126938605534,0.00158362543976457,0.00856902711632023,0.00672398244836164
0.621492811278582,19.0497685161761,3.60260889344892,0.00162998410257505,-1.78807141536558,"THBS1",45,3.59789670352203,0.00163513750826097,0.00720835569392361,0.0068518313848668
-0.750755897791862,15.560663241048,-3.77801255791901,0.00107095958688761,-1.37867165142344,"NACA",3,-3.59676900054105,0.00163955607061101,0.00505939424798189,0.0068518313848668
0.641189679946075,12.4451768636352,3.68724944760063,0.00133134425053923,-1.59103794549006,"SCOC",2,3.5638630061239,0.00177378638142355,0.00603863237859641,0.00734355018825298
0.657444013705499,13.4455279591948,3.44601455126712,0.0023660111639693,-2.14962165297162,"AMPH",5,3.56341967809667,0.00177566660808025,0.0093237531112303,0.00734355018825298
-0.98671510390878,13.7095847353457,-3.56896724445761,0.00176620703056919,-1.86608786030209,"RWDD1",3,-3.55868649056464,0.00179586329022229,0.00762027393491107,0.00738502253935994
-0.659283140798248,15.3927427938698,-3.48771953055471,0.00214302263817626,-2.05374339847046,"AK3",12,-3.55828668252134,0.00179757958614732,0.00865692228968149,0.00738502253935994
0.630093494884537,16.1118774262725,3.5461153134652,0.00186506120084965,-1.9189797939953,"GDF15",10,3.55473249056397,0.00181290802376677,0.00785518880969846,0.00738502253935994
0.735309223904146,13.6411869303829,3.36589697072736,0.00285989143898342,-2.33288738546239,"SSB",14,3.55459037293961,0.00181352360773088,0.0106629411760377,0.00738502253935994
0.603526748559254,16.674642379459,3.56147913329808,0.00179801853897445,-1.88342878097624,"CSRP1",10,3.53835797169806,0.00188520204874271,0.00767379919318173,0.00765732720191408
-0.586612688511321,13.6626153659697,-3.33280999097822,0.00309205061595571,-2.40819721040416,"TXNRD2",7,-3.53258850174713,0.00191134285973238,0.011421540000894,0.00774375166693103
-0.704369879060726,15.3422259806704,-3.56487342268075,0.00178352950507455,-1.87556942294647,"CTSO",5,-3.51937240301012,0.00197257179105289,0.00765352895149366,0.00795529899030797
-0.622092871246595,12.7035648659548,-3.44054450382256,0.0023968945543255,-2.16217343457154,"AKT1S1",4,-3.51376629159428,0.00199912200823349,0.00935285295174397,0.00801778050194409
1.19120115614993,13.7784332541682,3.44146318955422,0.00239168030367237,-2.16006577334252,"ALPL",10,3.51097486777184,0.00201247245550348,0.00935285295174397,0.00805104477567676
0.829228643292844,13.4863883275478,3.55893815404044,0.00180894074650381,-1.88931111292636,"NFASC",2,3.49668603312802,0.00208219256743698,0.00767977354935801,0.00828831540945658
-0.729486701190339,12.1843974639644,-3.55654153020485,0.00181930219184813,-1.89485830619669,"CPS1",1,-3.49470543499479,0.00209204160655235,0.00770322066042852,0.00830675332590188
-0.818452540807776,14.8460937460463,-3.40260641779625,0.00262221463883915,-2.24907149591832,"GPHN",13,-3.48244874450748,0.00215401488997945,0.0100352974027326,0.00853155150821931
0.710736575345196,13.7393127594398,3.35817928302642,0.00291247286672353,-2.35047401016606,"PCDHGB1",6,3.46952623318585,0.00222130299076871,0.010808363360355,0.00876811182042364
0.770781232638297,12.5163641427258,3.50327476904984,0.00206524050694183,-2.0179028108222,"SPX",1,3.46297050815238,0.00225622193682713,0.00847411297568786,0.008848326773733
-1.38164738953519,16.0003267334884,-3.44491636870672,0.0023721799823601,-2.15214203269817,"EML3",12,-3.46048840252507,0.00226958265741189,0.00932498097147397,0.008878855009943
-0.694255093910034,12.7965672741783,-3.46151757805012,0.00228058427390261,-2.11401768683999,"NUP93",3,-3.45333883763094,0.00230850193564305,0.00903182289367455,0.00900897639606825
1.1973876488395,18.3636606399969,3.52633868520141,0.00195498466373439,-1.96468450273761,"NUDCD2",3,3.44341325555271,0.0023636178096491,0.00814770568074205,0.00917907178074355
-0.778432353663153,13.4537755915671,-3.50722439093165,0.00204593590957354,-2.00879582744061,"SFXN3",2,-3.43978197195363,0.00238410210773742,0.00841659443602169,0.00923609516181929
-0.798552625873851,12.6806441692976,-3.31107853055567,0.0032544280512748,-2.45753508367619,"LUC7L2",7,-3.42981794720993,0.00244120624270279,0.0118562835819616,0.00941341951971331
1.06112957909298,14.32078309508,3.4694845920004,0.00223786621830739,-2.09570366262208,"CYTIP",1,3.42797609629662,0.00245190751199423,0.00891481807936759,0.00941341951971331
-0.728095873284165,16.6019213533054,-3.42396308666344,0.00249294245107193,-2.20018741484463,"FTH1",12,-3.42769872187971,0.00245352304532723,0.00965663401126762,0.00941341951971331
0.753165047197593,14.4996700700407,3.5691100373238,0.0017656058155965,-1.86575709413276,"ACTBL2",2,3.42630937614277,0.00246163080212403,0.00762027393491107,0.00942182332068566
0.700494807551443,12.5480912683459,3.2992289086757,0.00334643891355558,-2.48439486002383,"KRT8",6,3.42404524175899,0.00247489971875761,0.0119723176608494,0.00944989363898586
0.688961758350356,14.0342821681396,3.51149658759781,0.00202525396852322,-1.99894202137964,"MAP2K1",1,3.42029099859566,0.00249705570880487,0.00835309706161615,0.00948898101263012
-0.950097937937583,12.8613931493501,-3.31478271736542,0.00322617461146953,-2.44913247260818,"SCG2",8,-3.41088187293361,0.00255344019536649,0.0118073912128333,0.0096571497048813
0.836035814019182,14.2228267652285,3.47750859665956,0.00219563536578439,-2.07724702618756,"H1-0",1,3.40975772992814,0.00256025934134756,0.00882714726856349,0.00965999446380867
-0.624951927662302,12.8131644580831,-3.32211720027773,0.00317093487351937,-2.43248614505629,"NDUFA8",4,-3.3905800575506,0.00267937226230864,0.0116588245465702,0.0100617279260397
-0.711953691423146,13.4615536076899,-3.39032216854872,0.00269951684027668,-2.27714908959042,"MRRF",3,-3.37704315851185,0.00276669242052921,0.0102327435791953,0.0103166423359333
-0.740665336078653,12.6121343539495,-3.43674827896046,0.00241855931455261,-2.17088110753079,"RUFY1",2,-3.36883031155579,0.00282101758647022,0.00941431608222484,0.0104701733102711
0.642738323564132,14.3151288452392,3.28803156020339,0.00343571048130708,-2.50974782296929,"BLVRA",6,3.36463631205342,0.00284915971605387,0.0121821953511455,0.0105500303450822
0.830181507564962,15.6537209816203,3.46965407753092,0.00223696603011143,-2.09531393580598,"CD99L2",3,3.35202818564031,0.00293542141236261,0.00891481807936759,0.0107445089012867
0.65033227754555,13.1785518775225,3.18990950976273,0.00432371039361819,-2.73068780941029,"AK4",6,3.3269855924396,0.00311437747952012,0.0145529419409878,0.0113473691225904
0.589972806537368,12.6120051840696,3.23028109097722,0.00393420563253021,-2.64005687592198,"NUMBL",4,3.29502288947089,0.00335828859961168,0.0134987767855941,0.0121330977191747
0.702315094685893,19.0096020488896,3.3046874460665,0.00330374348293782,-2.47202568543247,"GPC1",24,3.29474258017239,0.00336050786181298,0.0118997925610824,0.0121330977191747
-0.694468261095293,14.007590945739,-3.39236789641893,0.00268649069194961,-2.27247532163801,"CTSS",2,-3.28358138613447,0.00345004260994834,0.0102076708565033,0.0123935716750764
-0.787222618022156,13.3406322758387,-3.27920116146908,0.00350774258862296,-2.52972194458195,"ABHD10",3,-3.27485168485388,0.00352168579318785,0.01238244804737,0.0125443583350656
-0.814678179981431,12.9350964368694,-3.29307662519442,0.00339520498938779,-2.4983282445702,"CNTFR",2,-3.24929444165178,0.00373984885121164,0.0120924365694684,0.0131394768628249
-1.03275106489578,14.8225633890586,-3.27069215439039,0.00357854243810831,-2.54895256239406,"FKBP15",3,-3.23160914610086,0.0038984460543734,0.0125489000355476,0.013612317034875
-0.98916768320001,13.2618535848741,-3.23860422668606,0.00385825089917244,-2.6213238207249,"TNFRSF1B",2,-3.21269992880345,0.00407524177070681,0.0133532805969936,0.014075305272136
-0.834314879591492,13.8189441569591,-3.26761852262794,0.00360445710214956,-2.55589504881054,"BAX",2,-3.21063925431018,0.00409497227131313,0.0126119954452723,0.0141128380824465
-0.600883463059812,16.3500758589465,-3.30527311303014,0.00329919417595877,-2.47069816368163,"DKK3",5,-3.19663100203784,0.00423157581177278,0.0118997925610824,0.014520765586857
-0.985526552797461,14.3417119397682,-3.18536599814284,0.00436982035480623,-2.74086287078666,"UBE2D3",3,-3.16106886020034,0.00459850736994905,0.0146771111213247,0.0155124450937546
-0.628574577093008,14.5784087344834,-3.08018195561236,0.00558065840597794,-2.97494807800438,"NASP",7,-3.14735937941132,0.00474803881120065,0.0178765781560179,0.0158822737256379
-0.822836151631964,14.2091796116614,-3.0731458624501,0.00567231180879039,-2.99050225918022,"AMY1B",6,-3.12047588545847,0.00505503756026909,0.0180611513714807,0.0167334187607494
0.970482484939351,15.3471495537829,3.13961008921246,0.00486154832136851,-2.84304416903684,"THY1",4,3.11114596727432,0.00516600085614473,0.0159132757500528,0.0170299240915758
-0.654811454857455,15.5748069064627,-3.07179383862829,0.00569008911380227,-2.99348952452603,"PLIN1",11,-3.10845614156149,0.00519842638121306,0.0180815927253466,0.0170983436288947
-0.73779598039777,12.0628072846325,-3.17321422123046,0.00449549799165065,-2.7680513377453,"LEMD3",2,-3.10555108122165,0.00523366737907687,0.0149416182162201,0.0171464894990559
-0.613848578154226,14.9454970469316,-3.02532085780467,0.00633488198597329,-3.09586037182369,"MAVS",10,-3.09769599649244,0.00533011607081229,0.0194699174270748,0.0173909062372135
-0.65278542202668,13.683057689175,-3.05423286871379,0.00592593149522698,-3.03224415083205,"SF3A1",4,-3.08900493286656,0.00543882932242913,0.0186081846959945,0.0175487903285975
0.807750532174708,12.8422556325221,3.10774152198646,0.00523523870519594,-2.91389481309322,"HMMR",1,3.08899192499914,0.00543899362611655,0.0169405195814101,0.0175487903285975
-0.680532944683568,15.3253642066916,-3.24350871634955,0.00381416303987989,-2.61027759401403,"PGM5",1,-3.08854553493826,0.00544463492832466,0.0132294536349021,0.0175487903285975
-0.955227206806089,13.7954764906643,-3.04152000852868,0.00610251598102237,-3.06024592404968,"DKC1",5,-3.07785509909231,0.00558143590575238,0.0189755470499162,0.0177208722020085
0.680527848415755,14.843363483495,3.19951796382539,0.00422774762170018,-2.70915329276057,"PCBD1",1,3.07742092415779,0.00558706136756168,0.0143153622888066,0.0177208722020085
0.589570437487712,13.0799409855907,3.07795947111948,0.00560945334441008,-2.97986262811456,"MEGF9",3,3.07041867720279,0.00567854616201994,0.0179327353041368,0.0179752336667029
0.676206673631842,12.7242074761253,3.07318936484693,0.00567174070128987,-2.99040613329513,"PAPSS1",3,3.06788061108745,0.00571206157670607,0.0180611513714807,0.01804544986078
0.849963398705714,15.493840512195,3.02763864373106,0.00630112011836781,-3.09076922637401,"SEMA3G",17,3.06603525358177,0.00573654939207513,0.0194036108598098,0.0180511796940627
0.741701015101428,12.9282842678056,3.05965758438527,0.00585208967542444,-3.02028169788161,"SLC9A3R2",3,3.05881794123508,0.00583329853623551,0.0184856947231024,0.0182116542378471
-0.802967149551392,14.351759401556,-3.05851059571163,0.00586762826624725,-3.02281169397397,"MST1",4,-3.05750933067018,0.00585100830576043,0.0184980757947685,0.0182152479042487
1.68187068278597,13.2859516411573,3.0531135644547,0.00594127899199878,-3.03471139067931,"CCDC102B",1,3.05662337095537,0.00586302763963566,0.0186196526505003,0.0182152479042487
-0.673667305974076,14.7692865682006,-3.19877016793506,0.00423514135219169,-2.7108300651734,"SELENOM",2,-3.05299135640995,0.00591255042658771,0.0143153622888066,0.0183154295190161
-1.1209481158185,15.6993808983021,-3.0291595491112,0.0062790601717791,-3.08742763635334,"CMBL",6,-3.02818614920974,0.00626170758378533,0.0193731519122673,0.0190268486994119
0.754418092903146,12.1932550417329,3.05629447690087,0.0058977634416328,-3.02769890934277,"RWDD4",1,3.02260520183865,0.00634295724924851,0.018556333659734,0.0190555410268968
-0.763158157989452,13.0261701310397,-2.98841929139386,0.00689643569319854,-3.17670666705334,"LSAMP",1,-2.96993344955905,0.00716139969018423,0.0207448744487165,0.0211943941482729
-0.780367170914353,15.6700985883316,-3.0957249297105,0.00538323210635704,-2.94054056841733,"TNFRSF12A",2,-2.96528423704688,0.00723832522619225,0.0173488821644599,0.0213823136841584
0.92673110200824,13.1722235485723,2.97306047122072,0.00714400164798661,-3.21023732877886,"FCGRT",1,2.9634795632374,0.00726839836700166,0.0212988242399171,0.0213917752032842
0.65720469514727,12.4053062974481,2.98950948887063,0.00687917991843674,-3.17432392469081,"RNF114",1,2.95217856523601,0.00745946215564691,0.0207423561215818,0.0217929680323644
-0.582396992515312,12.3385952531882,-3.02105577416908,0.00639746468000915,-3.10522483006727,"ATF6B",2,-2.93599962227817,0.00774139984779826,0.0195866378705873,0.0224110486932972
-0.971701386603987,14.0278882491585,-2.92699402584012,0.00793875782919059,-3.31037764978968,"SMAP",3,-2.91696990822342,0.00808608966870321,0.0230234890636748,0.0232398947784526
0.767974116425631,13.0215325420188,2.91325214954145,0.00819180583814438,-3.34012245923142,"PTN",3,2.91418495885193,0.00813775065972139,0.0234986010305725,0.0233462302791362
-0.929932190651197,14.0540407975706,-2.87275840729879,0.00898315010766696,-3.42742174259554,"PLD3",5,-2.89913012534763,0.00842253327089187,0.0249591261152184,0.0239474942312245
-0.63349457169938,15.0263848361335,-2.99917474791599,0.0067280013426757,-3.15318409396727,"VWF",3,-2.89764499647086,0.00845113751150178,0.0203636519689957,0.0239859915402317
-0.653086222842621,13.1899150515373,-2.94783193561868,0.00756928031417949,-3.26516051597558,"CHCHD3",2,-2.89600250247842,0.00848288086477987,0.0221112567351239,0.0240332454146459
0.612356056850039,15.3205319051074,2.89134417742977,0.00861126558243777,-3.38741894780293,"LAMP1",6,2.88628651024804,0.00867299972097584,0.0245690364927351,0.0244414098538058
-0.581997883102256,13.1828855064287,-2.8326176685025,0.00983935855593324,-3.51342878316257,"VTI1B",4,-2.88295537053554,0.00873911475312831,0.0263272296603156,0.0245842169611502
-0.636867503846966,14.1151029311011,-2.96715427179766,0.00724145662976251,-3.22311261656565,"GLRX5",2,-2.87501660240284,0.00889862712222982,0.0215088150394196,0.0248385312128601
0.86654828993796,13.7642426907598,2.88143763437663,0.00880761534305998,-3.4087551469177,"A4GALT",3,2.87457818172843,0.00890751679935491,0.0246868310188514,0.0248385312128601
0.940295259632645,13.5610336989387,2.83388347504918,0.00981120847185947,-3.51072487529113,"TINAGL1",5,2.86963234603137,0.00900839088170606,0.0262961034463455,0.0250759019273284
0.679942816647152,15.9031246215565,2.86491307005129,0.00914469175167292,-3.44427360088217,"PLTP",8,2.86612489706095,0.0090805881391839,0.0251446646486463,0.0252327581623209
0.999020523164015,13.4881488439765,2.85723557496168,0.00930546088019792,-3.46074524382392,"APOO",1,2.84929580582422,0.00943474894408083,0.0255426077925845,0.0260351392075471
-0.648034106163042,13.6419283682037,-2.90641303151945,0.00832060473031172,-3.35490371119784,"CRABP2",2,-2.84498975501967,0.00952746339228697,0.0237823648204264,0.0262454693778736
0.748965600804137,15.4702436031895,2.80926939183495,0.0103726097546015,-3.56320525483621,"TUBB6",8,2.82349899018781,0.0100033197901204,0.0275687171210195,0.0271338500471657
0.796622699638691,13.0148994241229,2.77139342858851,0.0112966022549023,-3.64355074168814,"CGREF1",4,2.80146451687808,0.0105146742077404,0.0292910410437515,0.0280902063921008
0.584288278802459,12.9989972130214,2.67757227109479,0.0139334495453016,-3.84033467817892,"PCDH7",7,2.7970714631491,0.0106195551957916,0.0339538141889776,0.0283228768822078
-0.627835543518854,14.5510998328381,-2.83702249292332,0.00974173126228431,-3.50401723044498,"RIDA",3,-2.77483743140254,0.011165812989466,0.026153920071868,0.0292930590741175
-0.658047147093248,12.6915380578159,-2.79676168340276,0.0106694811184176,-3.58979323626297,"CYB5B",1,-2.77261717712754,0.0112218042062213,0.028169642002617,0.0293393686104988
0.613998597233936,12.0820732134309,2.82955417065996,0.00990780625629573,-3.51997051377484,"GNAI2",2,2.75996356917831,0.0115460322231909,0.0264658950795284,0.0299412386712862
-0.915626071561356,13.8517569229292,-2.78102096946229,0.0110545853301479,-3.62317593498732,"TXN2",2,-2.75446308039918,0.0116897286765832,0.0287724233647618,0.0302154514932982
-0.646180730509835,14.0253975224715,-2.673823587613,0.0140500492183822,-3.84812870547117,"HSDL2",7,-2.74483431406556,0.0119453668866213,0.0340718929790194,0.0305216735313122
-0.725249321980655,12.3736248083886,-2.71635032107254,0.0127797696815802,-3.75939610321547,"FYCO1",4,-2.7425469975673,0.0120068684335101,0.032142130323959,0.0305882832819529
-0.725026473994003,12.8286622048004,-2.73879252182169,0.0121540348751005,-3.71229713520229,"WFS1",3,-2.7391853618781,0.012097801436351,0.0311089558224138,0.0307707079263155
-0.63632347577823,13.7106673587622,-2.67733547118756,0.0139407878804832,-3.84082717744507,"MIA3",5,-2.73016546135928,0.0123450281708584,0.0339538141889776,0.0312995296060546
-0.58782618436466,13.6398366203591,-2.733574255068,0.0122968853410623,-3.72326517028237,"GALT",3,-2.71761264152258,0.0126970644862614,0.0313235118278915,0.0319561384232565
0.595808735204034,13.4424900935777,2.65063186116068,0.0147921409559327,-3.89622663445756,"CD14",5,2.71751084807339,0.012699957697592,0.0353599911890929,0.0319561384232565
0.668414582582479,13.0897072884192,2.75421060442477,0.0117411016752609,-3.67983249694589,"SPATS2L",2,2.71577409123705,0.0127494167102456,0.0301976773555167,0.0320189014420197
-0.920439926514502,13.481812928837,-2.72094683636239,0.0126491750765196,-3.74976466704927,"NFIC",2,-2.70278271325653,0.0131252064496649,0.0319145888150003,0.0327559978276473
-0.874532734917091,13.070015907298,-2.67958878578753,0.0138711062373046,-3.8361398352341,"ALKBH5",3,-2.68321738825071,0.0137109770078481,0.0339538141889776,0.033637915468895
-0.966766384635216,14.278888065698,-2.69327917063959,0.0134547675448157,-3.80761940768343,"FXN",3,-2.68157003219646,0.013761409113142,0.0333654135078853,0.0337097024157019
0.644574070865023,16.8450828573984,2.66977478444641,0.0141770187175321,-3.85654064578599,"ALCAM",18,2.68078534324394,0.0137854931179477,0.034301598547749,0.0337168261242965
-0.604827221106321,13.0402663396202,-2.62579107752822,0.0156279180168156,-3.94751075909312,"CMAS",4,-2.66540373120123,0.0142657056102897,0.0362687300693309,0.0344347008155155
-0.673869047872939,13.3852052408219,-2.66633314956814,0.0142857986602395,-3.86368613481239,"UQCRH",3,-2.66329515081084,0.0143327527299195,0.0344281262233021,0.0344420341472551
0.758888529750957,12.6334856695559,2.6902550605208,0.0135457044636067,-3.81392551322196,"TEX264",2,2.66268737344263,0.0143521335265376,0.0334866011482204,0.0344420341472551
-0.631577595222549,16.0729829429642,-2.73468758591562,0.0122662748939202,-3.72092594985025,"CUTA",4,-2.66126038137266,0.0143977346463752,0.0312956116713761,0.0344630591044998
0.599392492062098,16.4508609814688,2.63337159182622,0.0153682661770491,-3.93188658985507,"VIT",18,2.652562429841,0.0146786561244162,0.0361402827368537,0.0349876846134525
0.83765098466445,13.0605411925888,2.66763318189275,0.0142446161867758,-3.86098755857685,"UQCRB",2,2.64877111667861,0.0148027161747749,0.0344128528948765,0.0351780675502706
-0.624133574535019,13.2679438935767,-2.67348330447513,0.0140606789428747,-3.84883593322461,"PKIA",2,-2.63102638303411,0.0153966109874667,0.0340718929790194,0.0363722870219656
-0.580257034663802,13.9038885433211,-2.67710385651491,0.0139479690590547,-3.84130887157266,"U2AF1L5",1,-2.62763216559387,0.0155127382356481,0.0339538141889776,0.0365295042309975
0.769510945031561,13.5928486666318,2.52855535716831,0.0193458006907171,-4.14584335242444,"CSPG4",28,2.61322361239693,0.0160149399724455,0.0412443383674768,0.0370726250629014
-0.756230672097427,12.4714594031082,-2.63444936358903,0.0153316813782028,-3.92966334374793,"NUP98",2,-2.6067810461283,0.0162444040592139,0.0361075839742065,0.0373768810239733
0.658841563880609,14.4913611364379,2.60566359123846,0.0163375166298898,-3.98888379829005,"PILRA",4,2.59825249307613,0.0165529199605425,0.037263698790158,0.0378245831700111
-0.692489853555655,13.7840308052021,-2.63723094174231,0.0152376398817142,-3.92392332885214,"ACOT13",2,-2.59517844336458,0.0166654655320778,0.0359925941717418,0.0378245831700111
0.680938544138332,14.1656054426689,2.53529541069163,0.0190634633817408,-4.13222305808249,"EPHB4",8,2.59298015065467,0.0167463886527279,0.0410133671182626,0.0378245831700111
-0.839277258346355,14.2119649069621,-2.55261574524853,0.0183555095193094,-4.09713352288266,"TTC38",8,-2.5927651678257,0.0167543223363862,0.0403007120005028,0.0378245831700111
-0.663326451739547,18.0769053387003,-2.75429339013456,0.0117389208371687,-3.67965794864887,"MB21D2",2,-2.59077206387704,0.0168280436797365,0.0301976773555167,0.0378447588338662
0.82170810537124,12.0972599435781,2.61472894398674,0.0160142443307437,-3.97026968795456,"CHTOP",2,2.58812786473734,0.0169263180101437,0.0368430602690838,0.0380120795985308
-0.691492112506504,13.1737187731459,-2.60653812861152,0.0163060650274467,-3.98708953683881,"SERPINA5",2,-2.57697172278877,0.0173469085638437,0.0372453219353525,0.0388470332834127
-0.901241306267458,13.0490168287655,-2.54171292758949,0.0187982239152747,-4.11923654297825,"SRSF1",4,-2.56269659705375,0.0178993896685807,0.0409967376707159,0.0398600234632235
-0.58149208387198,12.5691526478398,-2.57730930835922,0.0173886773997694,-4.04688838860421,"MRPL46",1,-2.55048389301732,0.0183850954994733,0.0390459196182858,0.0404214459069455
-0.688650111169105,12.9739595211346,-2.54247005574866,0.0187671601997753,-4.11770326083747,"UBL4A",3,-2.5436822903207,0.0186609220833232,0.0409851353449992,0.0408138053889074
1.25422924025409,16.3795785907053,2.56234825825991,0.0179685849097377,-4.0773607347377,"H1-4",1,2.5386042665741,0.0188693719747053,0.0399536255088762,0.0409488600238542
0.967037592701127,13.4747419894661,2.54296912810943,0.0187467103698243,-4.11669244198271,"JPT1",1,2.53841993223715,0.0188769796112076,0.0409851353449992,0.0409488600238542
-0.819940962828646,16.7846463116208,-2.52250845318013,0.0196024255754035,-4.1580463703703,"PDIA4",26,-2.53610990425487,0.0189725600498778,0.041519942207026,0.0409886691282624
-1.52723794517443,13.3037798628981,-2.51458970121268,0.0199433032426873,-4.17400308849126,"ANP32A",6,-2.533480838817,0.0190818917699844,0.0421655196864758,0.0410571952079738
-1.72832013521006,14.6622648770896,-2.5364516990956,0.0190154161702198,-4.12988448241362,"NDUFV3",2,-2.532868928473,0.0191074229251086,0.0410133671182626,0.0410571952079738
-0.595245809571123,14.4138291262629,-2.48078461515029,0.0214617034822553,-4.24181517380634,"MYOF",7,-2.52965834502564,0.0192419045859823,0.0442583066640883,0.0412267483775567
-0.596533744297156,12.2708926111389,-2.56031784970591,0.0180486690256802,-4.08148903654356,"TBC1D23",2,-2.51129535124486,0.0200282296388354,0.0400464914250848,0.0422813468722727
-1.05633208117082,12.7195721868015,-2.50978992418873,0.0201526060848411,-4.18366170440553,"EIF2B3",2,-2.50305416985145,0.0203907943353762,0.0425515329820132,0.0426524722527703
-0.682374566113655,14.1306334296334,-2.42827250443607,0.0240353213102633,-4.34614452891812,"ESYT1",11,-2.49155343607294,0.0209070051071373,0.0483758701030061,0.0433446973019538
-0.687930393519917,12.7141204183282,-2.50260971492679,0.0204695444681342,-4.19809179316271,"COA4",2,-2.4759387293279,0.0216273869950007,0.0427339784688177,0.0446058808766597
-0.676795587040111,13.5419340440672,-2.41000310887654,0.0249959470092956,-4.38214687226609,"NAP1L4",6,-2.46247711599932,0.0222669214056158,0.0495575001219582,0.0457471288972916
-0.63532232255141,13.7866461435734,-2.36450424877468,0.0275450003001574,-4.47112984747946,"LAMA1",27,-2.45942568654225,0.0224143143775759,0.0531550062531084,0.0459812965687458
0.616851645462848,12.9319443544843,2.49201793610153,0.0209455733390795,-4.21933702202542,"BCL10",2,2.45892352232268,0.0224386571544347,0.0434762652219053,0.0459812965687458
-0.602458866227668,16.5840534892706,-2.5066422480521,0.0202909779836187,-4.18999036094281,"BCAP31",5,-2.45771335232117,0.0224974220806356,0.0426505273833256,0.0460399782791337
-0.596539809207064,12.1831918552968,-2.50478423401938,0.0203730721457538,-4.19372402506414,"CYGB",2,-2.4571438858068,0.0225251244254292,0.0426774312626735,0.0460399782791337
0.609432160308447,15.6171891423604,2.5736296078981,0.0175296561551068,-4.05439174824253,"PVR",2,2.45216799519735,0.0227685350985086,0.0393070444122589,0.0464183207026236
1.04442156161789,14.6173872557647,2.44831707884146,0.0230208407405077,-4.30646764176501,"GCLM",4,2.44943501463004,0.022903265081822,0.047047772178508,0.0465737284496063
-0.611562944336097,12.8316373544821,-2.47567179679205,0.0217005225604749,-4.25202756105359,"FAM162A",2,-2.44218595200952,0.0232642249030119,0.0445208873230054,0.0469914554481455
-0.92305120691808,13.583292943853,-2.41026571288064,0.0249818904059022,-4.38163047008437,"FAM98B",5,-2.43481848926743,0.0236364883153476,0.0495575001219582,0.0475786197728519
0.589403424694181,13.0156973395967,2.35189844395715,0.0282925679251295,-4.49560897736457,"MAP2K2",7,2.43229577363127,0.0237652218749696,0.0541382709886365,0.0477171014772391
-0.647019108960997,12.4642594145716,-2.43464990859003,0.0237081363094785,-4.33354078477369,"MCMBP",1,-2.41712167167345,0.0245533773876885,0.0479555492924155,0.0487934145371727
-0.85539783833222,16.1048561153722,-2.4745524623599,0.0217531357790448,-4.25426177981517,"NME1",2,-2.41609213703666,0.0246077205970961,0.0445713914729834,0.0487934145371727
