Comparison (group1/group2)	Group	ProteinGroups	AVG Log2 Ratio	Absolute AVG Log2 Ratio	Pvalue	Qvalue	# of Ratios	UniProtIds	Genes	ProteinDescriptions	ProteinNames	# Unique Total Peptides	% Change	Ratio	Condition Numerator	Condition Denominator	GO Cellular Component	GO Molecular Function	GO Biological Process
TLR10_WO / WT_WO	P05186	P05186	1,415578240209016	1,415578240209016	8,596244269594768E-07	0,0005662468903871639	12	P05186	ALPL	Alkaline phosphatase, tissue-nonspecific isozyme	PPBT_HUMAN	12	166,76663554729348	2,6676663554729347	TLR10_WO	WT_WO	NaN	NaN	NaN
TLR10_WO / WT_WO	Q13740;Q13740-2	Q13740;Q13740-2	0,8474871904285974	0,8474871904285974	7,3891947474461755E-06	0,0013361402737440907	12	Q13740;Q13740-2	ALCAM	CD166 antigen;Isoform 2 of CD166 antigen	CD166_HUMAN	19	79,93641573982862	1,7993641573982861	TLR10_WO	WT_WO	NaN	NaN	NaN
TLR10_WO / WT_WO	P48745	P48745	1,1658260264184857	1,1658260264184857	8,60268886127388E-06	0,0014968678618616552	12	P48745	CCN3	CCN family member 3	CCN3_HUMAN	11	124,36163886230216	2,2436163886230216	TLR10_WO	WT_WO	NaN	NaN	NaN
TLR10_WO / WT_WO	P78504	P78504	0,8046941641472748	0,8046941641472748	8,993727966427827E-06	0,0015181494866038593	12	P78504	JAG1	Protein jagged-1	JAG1_HUMAN	11	74,67754549466672	1,7467754549466672	TLR10_WO	WT_WO	NaN	NaN	NaN
TLR10_WO / WT_WO	O75832	O75832	-1,0369239968942066	1,0369239968942066	1,9106763030610087E-05	0,0023493675822438163	12	O75832	PSMD10	26S proteasome non-ATPase regulatory subunit 10	PSD10_HUMAN	3	-51,263451016417136	0,48736548983582856	TLR10_WO	WT_WO	NaN	NaN	NaN
TLR10_WO / WT_WO	O75531	O75531	-3,2373682981535095	3,2373682981535095	2,289774878740601E-05	0,002707218452787926	12	O75531	BANF1	Barrier-to-autointegration factor	BAF_HUMAN	5	-89,39635852300412	0,1060364147699587	TLR10_WO	WT_WO	NaN	NaN	NaN
TLR10_WO / WT_WO	Q9UBI1	Q9UBI1	-0,7994037775434542	0,7994037775434542	2,6505017852913986E-05	0,0028218423740376327	10	Q9UBI1	COMMD3	COMM domain-containing protein 3	COMD3_HUMAN	3	-42,541341221197996	0,5745865877880201	TLR10_WO	WT_WO	NaN	NaN	NaN
TLR10_WO / WT_WO	Q9UM47	Q9UM47	1,1689356716729649	1,1689356716729649	6,752816665712843E-05	0,004512643137043756	12	Q9UM47	NOTCH3	Neurogenic locus notch homolog protein 3	NOTC3_HUMAN	21	124,8457588849945	2,248457588849945	TLR10_WO	WT_WO	NaN	NaN	NaN
TLR10_WO / WT_WO	P10515	P10515	-3,407864656922661	3,407864656922661	7,396442093135971E-05	0,0046087830393851306	12	P10515	DLAT	Dihydrolipoyllysine-residue acetyltransferase component of pyruvate dehydrogenase complex, mitochondrial	ODP2_HUMAN	2	-90,57827297932722	0,0942172702067278	TLR10_WO	WT_WO	NaN	NaN	NaN
TLR10_WO / WT_WO	P63173	P63173	-0,8014570230513262	0,8014570230513262	8,491796069422186E-05	0,004911650977287208	12	P63173	RPL38	60S ribosomal protein L38	RL38_HUMAN	2	-42,623058297347484	0,5737694170265252	TLR10_WO	WT_WO	NaN	NaN	NaN
TLR10_WO / WT_WO	P24592	P24592	0,7502074856600407	0,7502074856600407	0,0001015286075286794	0,005224856073022387	12	P24592	IGFBP6	Insulin-like growth factor-binding protein 6	IBP6_HUMAN	5	68,20347201509875	1,6820347201509875	TLR10_WO	WT_WO	NaN	NaN	NaN
TLR10_WO / WT_WO	Q68BL7	Q68BL7	0,6346677095486832	0,6346677095486832	0,00010164986783467117	0,005224856073022387	12	Q68BL7	OLFML2A	Olfactomedin-like protein 2A	OLM2A_HUMAN	14	55,258010895628786	1,5525801089562878	TLR10_WO	WT_WO	NaN	NaN	NaN
TLR10_WO / WT_WO	P35052	P35052	0,8307674561641155	0,8307674561641155	0,00013148751283883619	0,005719706808489374	12	P35052	GPC1	Glypican-1	GPC1_HUMAN	15	77,86312715448933	1,7786312715448933	TLR10_WO	WT_WO	NaN	NaN	NaN
TLR10_WO / WT_WO	P37198	P37198	-2,2116055899619003	2,2116055899619003	0,00014378995371007734	0,005946327144010463	12	P37198	NUP62	Nuclear pore glycoprotein p62	NUP62_HUMAN	2	-78,4106096440119	0,215893903559881	TLR10_WO	WT_WO	NaN	NaN	NaN
TLR10_WO / WT_WO	O00469-2	O00469-2	0,8979348735612458	0,8979348735612458	0,00015088555195687998	0,006121954215664643	12	O00469-2	PLOD2	Isoform 2 of Procollagen-lysine,2-oxoglutarate 5-dioxygenase 2	PLOD2_HUMAN	13	86,3396738868826	1,863396738868826	TLR10_WO	WT_WO	NaN	NaN	NaN
TLR10_WO / WT_WO	P14555	P14555	-0,7283573388960111	0,7283573388960111	0,00015829384360955545	0,006265175217885496	12	P14555	PLA2G2A	Phospholipase A2, membrane associated	PA2GA_HUMAN	4	-39,640922523569124	0,6035907747643088	TLR10_WO	WT_WO	NaN	NaN	NaN
TLR10_WO / WT_WO	P41567	P41567	-3,181600004739937	3,181600004739937	0,0001660451698121898	0,006380285650033393	12	P41567	EIF1	Eukaryotic translation initiation factor 1	EIF1_HUMAN	4	-88,97844266139161	0,11021557338608395	TLR10_WO	WT_WO	NaN	NaN	NaN
TLR10_WO / WT_WO	Q13561;Q13561-2;Q13561-3	Q13561;Q13561-2;Q13561-3	-0,7441477827538373	0,7441477827538373	0,0001927226772788089	0,006757751064126143	12	Q13561;Q13561-2;Q13561-3	DCTN2	Dynactin subunit 2;Isoform 2 of Dynactin subunit 2;Isoform 3 of Dynactin subunit 2	DCTN2_HUMAN	10	-40,297956550218004	0,5970204344978199	TLR10_WO	WT_WO	NaN	NaN	NaN
TLR10_WO / WT_WO	Q16774;Q16774-2;Q16774-3	Q16774;Q16774-2;Q16774-3	-1,7101531409022313	1,7101531409022313	0,0001921605099835415	0,006757751064126143	12	Q16774;Q16774-2;Q16774-3	GUK1	Guanylate kinase;Isoform 2 of Guanylate kinase;Isoform 3 of Guanylate kinase	KGUA_HUMAN	2	-69,43723744221457	0,3056276255778544	TLR10_WO	WT_WO	NaN	NaN	NaN
TLR10_WO / WT_WO	P80217;P80217-2	P80217;P80217-2	-1,9867734186475416	1,9867734186475416	0,00021338067077081074	0,00710605996841675	12	P80217;P80217-2	IFI35	Interferon-induced 35 kDa protein;Isoform 2 of Interferon-induced 35 kDa protein	IN35_HUMAN	5	-74,76974694717626	0,2523025305282375	TLR10_WO	WT_WO	NaN	NaN	NaN
TLR10_WO / WT_WO	O14908;O14908-2	O14908;O14908-2	-1,248681703130747	1,248681703130747	0,0002325617285790715	0,00734480911286369	12	O14908;O14908-2	GIPC1	PDZ domain-containing protein GIPC1;Isoform 2 of PDZ domain-containing protein GIPC1	GIPC1_HUMAN	3	-57,91674222474663	0,42083257775253363	TLR10_WO	WT_WO	NaN	NaN	NaN
TLR10_WO / WT_WO	P08865	P08865	-0,8093646912717865	0,8093646912717865	0,00023439184979782293	0,00735225047222967	12	P08865	RPSA	40S ribosomal protein SA	RSSA_HUMAN	7	-42,93669119991714	0,5706330880008286	TLR10_WO	WT_WO	NaN	NaN	NaN
TLR10_WO / WT_WO	P10644	P10644	-0,59905384503871	0,59905384503871	0,00023801271883913596	0,007390415128399029	12	P10644	PRKAR1A	cAMP-dependent protein kinase type I-alpha regulatory subunit	KAP0_HUMAN	8	-33,98132197976948	0,6601867802023051	TLR10_WO	WT_WO	NaN	NaN	NaN
TLR10_WO / WT_WO	Q8WWI5	Q8WWI5	0,9951195069043788	0,9951195069043788	0,00028547625826869745	0,007922219847834285	12	Q8WWI5	SLC44A1	Choline transporter-like protein 1	CTL1_HUMAN	6	99,32456310609179	1,993245631060918	TLR10_WO	WT_WO	NaN	NaN	NaN
TLR10_WO / WT_WO	Q6ZVM7;Q6ZVM7-2	Q6ZVM7;Q6ZVM7-2	-1,3010851440726665	1,3010851440726665	0,0003246105691518603	0,00836189572267725	12	Q6ZVM7;Q6ZVM7-2	TOM1L2	TOM1-like protein 2;Isoform 2 of TOM1-like protein 2	TM1L2_HUMAN	4	-59,417916069833545	0,40582083930166457	TLR10_WO	WT_WO	NaN	NaN	NaN
TLR10_WO / WT_WO	Q9BRK3;Q9BRK3-2;Q9BRK3-3	Q9BRK3;Q9BRK3-2;Q9BRK3-3	0,6598480616743689	0,6598480616743689	0,00032676943759975773	0,008384063483877616	12	Q9BRK3;Q9BRK3-2;Q9BRK3-3	MXRA8	Matrix remodeling-associated protein 8;Isoform 2 of Matrix remodeling-associated protein 8;Isoform 3 of Matrix remodeling-associated protein 8	MXRA8_HUMAN	13	57,99162251047185	1,5799162251047185	TLR10_WO	WT_WO	NaN	NaN	NaN
TLR10_WO / WT_WO	P98066	P98066	0,7083078160544036	0,7083078160544036	0,0003481174068539153	0,008603977818057695	12	P98066	TNFAIP6	Tumor necrosis factor-inducible gene 6 protein	TSG6_HUMAN	9	63,38865540583405	1,6338865540583405	TLR10_WO	WT_WO	NaN	NaN	NaN
TLR10_WO / WT_WO	P46783	P46783	-0,7804360845705036	0,7804360845705036	0,00035096124038192216	0,008605908053120706	12	P46783	RPS10	40S ribosomal protein S10	RS10_HUMAN	9	-41,780921263468485	0,5821907873653152	TLR10_WO	WT_WO	NaN	NaN	NaN
TLR10_WO / WT_WO	O60637;O60637-2;O60637-3	O60637;O60637-2;O60637-3	0,8957444399067487	0,8957444399067487	0,0003825086778393717	0,008893862599765453	12	O60637;O60637-2;O60637-3	TSPAN3	Tetraspanin-3;Isoform 2 of Tetraspanin-3;Isoform 3 of Tetraspanin-3	TSN3_HUMAN	1	86,0569703485265	1,860569703485265	TLR10_WO	WT_WO	NaN	NaN	NaN
TLR10_WO / WT_WO	Q9NQ30	Q9NQ30	-1,4791042521739124	1,4791042521739124	0,00038363406003553735	0,008893862599765453	10	Q9NQ30	ESM1	Endothelial cell-specific molecule 1	ESM1_HUMAN	2	-64,12885385285571	0,35871146147144284	TLR10_WO	WT_WO	NaN	NaN	NaN
TLR10_WO / WT_WO	P43235	P43235	0,6456886180888142	0,6456886180888142	0,00045580318966960035	0,009613202536143093	12	P43235	CTSK	Cathepsin K	CATK_HUMAN	12	56,448585858143716	1,5644858585814372	TLR10_WO	WT_WO	NaN	NaN	NaN
TLR10_WO / WT_WO	Q9BQ61	Q9BQ61	-1,4397894660420751	1,4397894660420751	0,00045040155883308133	0,009613202536143093	12	Q9BQ61	TRIR	Telomerase RNA component interacting RNase	TRIR_HUMAN	2	-63,13789063501364	0,3686210936498636	TLR10_WO	WT_WO	NaN	NaN	NaN
TLR10_WO / WT_WO	Q9Y287	Q9Y287	-2,209483329081559	2,209483329081559	0,00046201755492136646	0,009639651338201	12	Q9Y287	ITM2B	Integral membrane protein 2B	ITM2B_HUMAN	3	-78,37882743496259	0,21621172565037403	TLR10_WO	WT_WO	NaN	NaN	NaN
TLR10_WO / WT_WO	O43493;O43493-3;O43493-5;O43493-7	O43493;O43493-3;O43493-5;O43493-7	0,6932584320056355	0,6932584320056355	0,0004713641694664121	0,009681337128773391	12	O43493;O43493-3;O43493-5;O43493-7	TGOLN2	Trans-Golgi network integral membrane protein 2;Isoform TGN48 of Trans-Golgi network integral membrane protein 2;Isoform 5 of Trans-Golgi network integral membrane protein 2;Isoform 7 of Trans-Golgi network integral membrane protein 2	TGON2_HUMAN	12	61,69313548738753	1,6169313548738753	TLR10_WO	WT_WO	NaN	NaN	NaN
TLR10_WO / WT_WO	P28070	P28070	-1,9156919796313665	1,9156919796313665	0,0005173805510171329	0,010130113463864119	12	P28070	PSMB4	Proteasome subunit beta type-4	PSB4_HUMAN	4	-73,4955222216633	0,26504477778336716	TLR10_WO	WT_WO	NaN	NaN	NaN
TLR10_WO / WT_WO	O75312	O75312	-1,0117749018794955	1,0117749018794955	0,0005256139152860125	0,010172587467556407	12	O75312	ZPR1	Zinc finger protein ZPR1	ZPR1_HUMAN	5	-50,406426173433836	0,4959357382656616	TLR10_WO	WT_WO	NaN	NaN	NaN
TLR10_WO / WT_WO	Q92692;Q92692-2	Q92692;Q92692-2	0,6326801190130156	0,6326801190130156	0,0005865912243220698	0,010711968852867581	12	Q92692;Q92692-2	NECTIN2	Nectin-2;Isoform Alpha of Nectin-2	NECT2_HUMAN	4	55,04426033072982	1,5504426033072982	TLR10_WO	WT_WO	NaN	NaN	NaN
TLR10_WO / WT_WO	Q03001	Q03001	-0,6730849884510183	0,6730849884510183	0,0005899750193432994	0,010731261594445577	12	Q03001	DST	Dystonin	DYST_HUMAN	5	-37,28358447578238	0,6271641552421762	TLR10_WO	WT_WO	NaN	NaN	NaN
TLR10_WO / WT_WO	Q9BX68	Q9BX68	-2,0895774833967233	2,0895774833967233	0,0006710863995901574	0,011419252976439575	12	Q9BX68	HINT2	Histidine triad nucleotide-binding protein 2, mitochondrial	HINT2_HUMAN	2	-76,50505140100485	0,23494948598995152	TLR10_WO	WT_WO	NaN	NaN	NaN
TLR10_WO / WT_WO	P35625	P35625	0,6433461631377022	0,6433461631377022	0,0007141998695860034	0,01175294832664744	12	P35625	TIMP3	Metalloproteinase inhibitor 3	TIMP3_HUMAN	5	56,1947717119712	1,561947717119712	TLR10_WO	WT_WO	NaN	NaN	NaN
TLR10_WO / WT_WO	Q8IWA5;Q8IWA5-2	Q8IWA5;Q8IWA5-2	1,5325354596225667	1,5325354596225667	0,0007201799290953912	0,01175294832664744	12	Q8IWA5;Q8IWA5-2	SLC44A2	Choline transporter-like protein 2;Isoform 2 of Choline transporter-like protein 2	CTL2_HUMAN	6	189,29381105727626	2,8929381105727625	TLR10_WO	WT_WO	NaN	NaN	NaN
TLR10_WO / WT_WO	P63220	P63220	-0,6782312364167207	0,6782312364167207	0,0007587185228210632	0,011998468979177229	12	P63220	RPS21	40S ribosomal protein S21	RS21_HUMAN	7	-37,50690212162018	0,6249309787837982	TLR10_WO	WT_WO	NaN	NaN	NaN
TLR10_WO / WT_WO	O00410;O00410-3	O00410;O00410-3	-0,7862617803491266	0,7862617803491266	0,0007715319872017212	0,012079911690958019	12	O00410;O00410-3	IPO5	Importin-5;Isoform 3 of Importin-5	IPO5_HUMAN	23	-42,01553964368278	0,5798446035631722	TLR10_WO	WT_WO	NaN	NaN	NaN
TLR10_WO / WT_WO	Q9P2B2	Q9P2B2	1,1654101033228008	1,1654101033228008	0,0007890650527244397	0,012202544361276905	12	Q9P2B2	PTGFRN	Prostaglandin F2 receptor negative regulator	FPRP_HUMAN	11	124,29696563992705	2,2429696563992705	TLR10_WO	WT_WO	NaN	NaN	NaN
TLR10_WO / WT_WO	O75506	O75506	-1,9671254346135585	1,9671254346135585	0,0008669709236761433	0,01246031222629798	12	O75506	HSBP1	Heat shock factor-binding protein 1	HSBP1_HUMAN	3	-74,42378706816133	0,25576212931838677	TLR10_WO	WT_WO	NaN	NaN	NaN
TLR10_WO / WT_WO	P62753	P62753	-0,6877026201717729	0,6877026201717729	0,0008653184872655795	0,01246031222629798	12	P62753	RPS6	40S ribosomal protein S6	RS6_HUMAN	13	-37,91582945728992	0,6208417054271008	TLR10_WO	WT_WO	NaN	NaN	NaN
TLR10_WO / WT_WO	Q7Z3B1	Q7Z3B1	0,6959198666725762	0,6959198666725762	0,0008497599905876584	0,01246031222629798	12	Q7Z3B1	NEGR1	Neuronal growth regulator 1	NEGR1_HUMAN	13	61,99169677893974	1,6199169677893974	TLR10_WO	WT_WO	NaN	NaN	NaN
TLR10_WO / WT_WO	Q9H492	Q9H492	-1,0447323426345148	1,0447323426345148	0,0008684865144704119	0,01246031222629798	12	Q9H492	MAP1LC3A	Microtubule-associated proteins 1A/1B light chain 3A	MLP3A_HUMAN	2	-51,52651689850383	0,4847348310149617	TLR10_WO	WT_WO	NaN	NaN	NaN
TLR10_WO / WT_WO	Q01518	Q01518	0,6045746963945343	0,6045746963945343	0,000905194870421742	0,012686484946853047	12	Q01518	CAP1	Adenylyl cyclase-associated protein 1	CAP1_HUMAN	25	52,053043783858776	1,5205304378385878	TLR10_WO	WT_WO	NaN	NaN	NaN
TLR10_WO / WT_WO	Q92859;Q92859-2;Q92859-3;Q92859-4	Q92859;Q92859-2;Q92859-3;Q92859-4	0,8501005371294552	0,8501005371294552	0,000911689814872515	0,012713789027311993	12	Q92859;Q92859-2;Q92859-3;Q92859-4	NEO1	Neogenin;Isoform 2 of Neogenin;Isoform 3 of Neogenin;Isoform 4 of Neogenin	NEO1_HUMAN	12	80,26265405306161	1,802626540530616	TLR10_WO	WT_WO	NaN	NaN	NaN
TLR10_WO / WT_WO	Q9HCU0	Q9HCU0	0,7442153413064088	0,7442153413064088	0,0009682464461348507	0,013016280942063547	12	Q9HCU0	CD248	Endosialin	CD248_HUMAN	12	67,50629816513225	1,6750629816513225	TLR10_WO	WT_WO	NaN	NaN	NaN
TLR10_WO / WT_WO	P35813;P35813-2;P35813-3	P35813;P35813-2;P35813-3	-0,8371144558188816	0,8371144558188816	0,0009994252360834522	0,013242384378105742	12	P35813;P35813-2;P35813-3	PPM1A	Protein phosphatase 1A;Isoform Alpha-2 of Protein phosphatase 1A;Isoform 3 of Protein phosphatase 1A	PPM1A_HUMAN	3	-44,02379660032971	0,5597620339967029	TLR10_WO	WT_WO	NaN	NaN	NaN
TLR10_WO / WT_WO	O94919	O94919	0,7770713984352337	0,7770713984352337	0,0010252396277233634	0,013411006874985611	12	O94919	ENDOD1	Endonuclease domain-containing 1 protein	ENDD1_HUMAN	9	71,36487152693418	1,7136487152693418	TLR10_WO	WT_WO	NaN	NaN	NaN
TLR10_WO / WT_WO	Q15582	Q15582	0,9533722365331923	0,9533722365331923	0,0010371180874599118	0,013451902957180458	12	Q15582	TGFBI	Transforming growth factor-beta-induced protein ig-h3	BGH3_HUMAN	23	93,63936073610506	1,9363936073610506	TLR10_WO	WT_WO	NaN	NaN	NaN
TLR10_WO / WT_WO	Q14257;Q14257-2	Q14257;Q14257-2	-0,8243207655701782	0,8243207655701782	0,0010745673307941362	0,013653582810553299	12	Q14257;Q14257-2	RCN2	Reticulocalbin-2;Isoform 2 of Reticulocalbin-2	RCN2_HUMAN	6	-43,52519714811819	0,5647480285188181	TLR10_WO	WT_WO	NaN	NaN	NaN
TLR10_WO / WT_WO	Q12913;Q12913-2;Q12913-3	Q12913;Q12913-2;Q12913-3	1,2775667453030863	1,2775667453030863	0,001091345800918281	0,013769467234613314	12	Q12913;Q12913-2;Q12913-3	PTPRJ	Receptor-type tyrosine-protein phosphatase eta;Isoform 2 of Receptor-type tyrosine-protein phosphatase eta;Isoform 3 of Receptor-type tyrosine-protein phosphatase eta	PTPRJ_HUMAN	1	142,42974897807267	2,424297489780727	TLR10_WO	WT_WO	NaN	NaN	NaN
TLR10_WO / WT_WO	Q96GP6;Q96GP6-2	Q96GP6;Q96GP6-2	0,606947721291493	0,606947721291493	0,0010993409395276162	0,01381215550997776	12	Q96GP6;Q96GP6-2	SCARF2	Scavenger receptor class F member 2;Isoform 2 of Scavenger receptor class F member 2	SREC2_HUMAN	8	52,30335487811794	1,5230335487811795	TLR10_WO	WT_WO	NaN	NaN	NaN
TLR10_WO / WT_WO	P62701	P62701	-0,7740478297224066	0,7740478297224066	0,0011763954152445894	0,014088363850225572	12	P62701	RPS4X	40S ribosomal protein S4, X isoform	RS4X_HUMAN	13	-41,52255553443362	0,5847744446556637	TLR10_WO	WT_WO	NaN	NaN	NaN
TLR10_WO / WT_WO	Q9BZM5	Q9BZM5	0,5834707759602612	0,5834707759602612	0,0012325593706354336	0,014333748443883947	12	Q9BZM5	ULBP2	UL16-binding protein 2	ULBP2_HUMAN	4	49,8449824348872	1,498449824348872	TLR10_WO	WT_WO	NaN	NaN	NaN
TLR10_WO / WT_WO	P52799	P52799	0,6628147410399808	0,6628147410399808	0,001244447017771773	0,014435585406152569	10	P52799	EFNB2	Ephrin-B2	EFNB2_HUMAN	1	58,31684212998722	1,5831684212998722	TLR10_WO	WT_WO	NaN	NaN	NaN
TLR10_WO / WT_WO	P43121	P43121	1,2884582335129837	1,2884582335129837	0,0012875940045811512	0,014677616699934951	12	P43121	MCAM	Cell surface glycoprotein MUC18	MUC18_HUMAN	5	144,26687505676847	2,4426687505676847	TLR10_WO	WT_WO	NaN	NaN	NaN
TLR10_WO / WT_WO	Q07666	Q07666	-0,7393236508026327	0,7393236508026327	0,0013719159150349307	0,015246587153109276	12	Q07666	KHDRBS1	KH domain-containing, RNA-binding, signal transduction-associated protein 1	KHDR1_HUMAN	8	-40,097988716419685	0,5990201128358031	TLR10_WO	WT_WO	NaN	NaN	NaN
TLR10_WO / WT_WO	P15151;P15151-2;P15151-3	P15151;P15151-2;P15151-3	0,6032607615993456	0,6032607615993456	0,0013826634849760766	0,015254218870016156	12	P15151;P15151-2;P15151-3	PVR	Poliovirus receptor;Isoform Beta of Poliovirus receptor;Isoform Gamma of Poliovirus receptor	PVR_HUMAN	3	51,91462448628516	1,5191462448628517	TLR10_WO	WT_WO	NaN	NaN	NaN
TLR10_WO / WT_WO	P25325;P25325-2	P25325;P25325-2	-2,3066216986701304	2,3066216986701304	0,0014180958287218928	0,015403627482300702	11	P25325;P25325-2	MPST	3-mercaptopyruvate sulfurtransferase;Isoform 2 of 3-mercaptopyruvate sulfurtransferase	THTM_HUMAN	2	-79,78667866791555	0,20213321332084447	TLR10_WO	WT_WO	NaN	NaN	NaN
TLR10_WO / WT_WO	Q9NZV1	Q9NZV1	0,7379584419403018	0,7379584419403018	0,001439080152279575	0,015485644299092462	12	Q9NZV1	CRIM1	Cysteine-rich motor neuron 1 protein	CRIM1_HUMAN	14	66,78140441535962	1,6678140441535962	TLR10_WO	WT_WO	NaN	NaN	NaN
TLR10_WO / WT_WO	P11279	P11279	0,7623409490033732	0,7623409490033732	0,0014425082367066655	0,015503921048047892	12	P11279	LAMP1	Lysosome-associated membrane glycoprotein 1	LAMP1_HUMAN	6	69,62407508152282	1,6962407508152282	TLR10_WO	WT_WO	NaN	NaN	NaN
TLR10_WO / WT_WO	P49721	P49721	-0,6559415874431127	0,6559415874431127	0,0014555739666415556	0,015511460527627875	12	P49721	PSMB2	Proteasome subunit beta type-2	PSB2_HUMAN	6	-36,53388610333326	0,6346611389666674	TLR10_WO	WT_WO	NaN	NaN	NaN
TLR10_WO / WT_WO	Q9H8M9	Q9H8M9	1,452062911190011	1,452062911190011	0,0014681578754677457	0,015556480141491845	10	Q9H8M9	EVA1A	Protein eva-1 homolog A	EVA1A_HUMAN	2	173,59899127332966	2,7359899127332965	TLR10_WO	WT_WO	NaN	NaN	NaN
TLR10_WO / WT_WO	Q15005	Q15005	0,7165001709853512	0,7165001709853512	0,0015980307325952042	0,016230219621137635	12	Q15005	SPCS2	Signal peptidase complex subunit 2	SPCS2_HUMAN	2	64,31909841101402	1,6431909841101402	TLR10_WO	WT_WO	NaN	NaN	NaN
TLR10_WO / WT_WO	O75093;O75093-2	O75093;O75093-2	1,1124451723490085	1,1124451723490085	0,0016034267929130662	0,0162405138861541	12	O75093;O75093-2	SLIT1	Slit homolog 1 protein;Isoform 2 of Slit homolog 1 protein	SLIT1_HUMAN	1	116,21178657760942	2,162117865776094	TLR10_WO	WT_WO	NaN	NaN	NaN
TLR10_WO / WT_WO	Q92626	Q92626	0,634934985773526	0,634934985773526	0,001638603651211688	0,016389590966891743	12	Q92626	PXDN	Peroxidasin homolog	PXDN_HUMAN	60	55,28677693278341	1,552867769327834	TLR10_WO	WT_WO	NaN	NaN	NaN
TLR10_WO / WT_WO	P38919	P38919	-1,4992621178851449	1,4992621178851449	0,001739626799915261	0,017012653518314158	12	P38919	EIF4A3	Eukaryotic initiation factor 4A-III	IF4A3_HUMAN	4	-64,62657344174245	0,35373426558257554	TLR10_WO	WT_WO	NaN	NaN	NaN
TLR10_WO / WT_WO	P42330	P42330	-0,947487984063116	0,947487984063116	0,0017636721563105866	0,017102612645106447	12	P42330	AKR1C3	Aldo-keto reductase family 1 member C3	AK1C3_HUMAN	5	-48,146545298567034	0,5185345470143297	TLR10_WO	WT_WO	NaN	NaN	NaN
TLR10_WO / WT_WO	P17813;P17813-2	P17813;P17813-2	0,8011693909314923	0,8011693909314923	0,001767541312666346	0,01710416157965272	12	P17813;P17813-2	ENG	Endoglin;Isoform Short of Endoglin	EGLN_HUMAN	6	74,25129656815321	1,7425129656815321	TLR10_WO	WT_WO	NaN	NaN	NaN
TLR10_WO / WT_WO	O75094;O75094-4	O75094;O75094-4	0,7571960802224663	0,7571960802224663	0,0017776170717316148	0,01716166474488452	12	O75094;O75094-4	SLIT3	Slit homolog 3 protein;Isoform 4 of Slit homolog 3 protein	SLIT3_HUMAN	12	69,02024727796203	1,6902024727796203	TLR10_WO	WT_WO	NaN	NaN	NaN
TLR10_WO / WT_WO	Q9UIQ6;Q9UIQ6-2;Q9UIQ6-3	Q9UIQ6;Q9UIQ6-2;Q9UIQ6-3	1,4408459300274175	1,4408459300274175	0,0017944311853913234	0,017219817265014346	12	Q9UIQ6;Q9UIQ6-2;Q9UIQ6-3	LNPEP	Leucyl-cystinyl aminopeptidase;Isoform 2 of Leucyl-cystinyl aminopeptidase;Isoform 3 of Leucyl-cystinyl aminopeptidase	LCAP_HUMAN	2	171,48000221861884	2,7148000221861883	TLR10_WO	WT_WO	NaN	NaN	NaN
TLR10_WO / WT_WO	O00560;O00560-3	O00560;O00560-3	1,0868296672634847	1,0868296672634847	0,001802016295937058	0,01725669188071812	12	O00560;O00560-3	SDCBP	Syntenin-1;Isoform 3 of Syntenin-1	SDCB1_HUMAN	9	112,40675787537148	2,124067578753715	TLR10_WO	WT_WO	NaN	NaN	NaN
TLR10_WO / WT_WO	P09874	P09874	-0,9032137748421829	0,9032137748421829	0,001813603216663941	0,017300918587312687	12	P09874	PARP1	Poly [ADP-ribose] polymerase 1	PARP1_HUMAN	1	-46,53056915556866	0,5346943084443134	TLR10_WO	WT_WO	NaN	NaN	NaN
TLR10_WO / WT_WO	P19320	P19320	1,5185244661668504	1,5185244661668504	0,0018191852583969693	0,017300918587312687	12	P19320	VCAM1	Vascular cell adhesion protein 1	VCAM1_HUMAN	18	186,49788052901343	2,8649788052901344	TLR10_WO	WT_WO	NaN	NaN	NaN
TLR10_WO / WT_WO	Q6EMK4	Q6EMK4	1,065107078168504	1,065107078168504	0,0018411364206482126	0,017326996563381967	12	Q6EMK4	VASN	Vasorin	VASN_HUMAN	10	109,23251681432498	2,0923251681432498	TLR10_WO	WT_WO	NaN	NaN	NaN
TLR10_WO / WT_WO	Q96P70	Q96P70	-0,7843389082647858	0,7843389082647858	0,0020237334663486066	0,01819050231885762	12	Q96P70	IPO9	Importin-9	IPO9_HUMAN	10	-41,93820449435057	0,5806179550564943	TLR10_WO	WT_WO	NaN	NaN	NaN
TLR10_WO / WT_WO	O95433	O95433	-0,7432010547569176	0,7432010547569176	0,0020474838447175217	0,018318596652138027	12	O95433	AHSA1	Activator of 90 kDa heat shock protein ATPase homolog 1	AHSA1_HUMAN	11	-40,258765907833464	0,5974123409216654	TLR10_WO	WT_WO	NaN	NaN	NaN
TLR10_WO / WT_WO	Q16666;Q16666-2;Q16666-3;Q16666-6	Q16666;Q16666-2;Q16666-3;Q16666-6	-1,498489413490573	1,498489413490573	0,002061023114203314	0,018350292060095395	12	Q16666;Q16666-2;Q16666-3;Q16666-6	IFI16	Gamma-interferon-inducible protein 16;Isoform 2 of Gamma-interferon-inducible protein 16;Isoform 3 of Gamma-interferon-inducible protein 16;Isoform 4 of Gamma-interferon-inducible protein 16	IF16_HUMAN	4	-64,60762243512829	0,353923775648717	TLR10_WO	WT_WO	NaN	NaN	NaN
TLR10_WO / WT_WO	P61201;P61201-2	P61201;P61201-2	-1,4553411637967006	1,4553411637967006	0,0020847154862902576	0,018407673429503474	12	P61201;P61201-2	COPS2	COP9 signalosome complex subunit 2;Isoform 2 of COP9 signalosome complex subunit 2	CSN2_HUMAN	4	-63,53311598297196	0,3646688401702805	TLR10_WO	WT_WO	NaN	NaN	NaN
TLR10_WO / WT_WO	P63165	P63165	-0,6300282346081147	0,6300282346081147	0,0020838720929745634	0,018407673429503474	12	P63165	SUMO1	Small ubiquitin-related modifier 1	SUMO1_HUMAN	3	-35,38362307074854	0,6461637692925146	TLR10_WO	WT_WO	NaN	NaN	NaN
TLR10_WO / WT_WO	Q05048	Q05048	-0,7865219442643435	0,7865219442643435	0,0021010923755293426	0,018487729597220514	6	Q05048	CSTF1	Cleavage stimulation factor subunit 1	CSTF1_HUMAN	1	-42,025995147921144	0,5797400485207885	TLR10_WO	WT_WO	NaN	NaN	NaN
TLR10_WO / WT_WO	Q92520	Q92520	0,757920119946709	0,757920119946709	0,0021037742011417704	0,018487729597220514	12	Q92520	FAM3C	Protein FAM3C	FAM3C_HUMAN	11	69,10509409827141	1,6910509409827141	TLR10_WO	WT_WO	NaN	NaN	NaN
TLR10_WO / WT_WO	P09619	P09619	0,886357353465733	0,886357353465733	0,0021089274922752384	0,018504785284264746	12	P09619	PDGFRB	Platelet-derived growth factor receptor beta	PGFRB_HUMAN	12	84,85029596889528	1,8485029596889528	TLR10_WO	WT_WO	NaN	NaN	NaN
TLR10_WO / WT_WO	O75326	O75326	1,4051237649994703	1,4051237649994703	0,0021170715209274256	0,018534237053507874	12	O75326	SEMA7A	Semaphorin-7A	SEM7A_HUMAN	13	164,84050107208748	2,6484050107208748	TLR10_WO	WT_WO	NaN	NaN	NaN
TLR10_WO / WT_WO	Q04206;Q04206-2;Q04206-3	Q04206;Q04206-2;Q04206-3	-1,104646065659267	1,104646065659267	0,0021889151437704648	0,018812838262675886	12	Q04206;Q04206-2;Q04206-3	RELA	Transcription factor p65;Isoform 2 of Transcription factor p65;Isoform 3 of Transcription factor p65	TF65_HUMAN	4	-53,498346083398665	0,4650165391660134	TLR10_WO	WT_WO	NaN	NaN	NaN
TLR10_WO / WT_WO	P20700	P20700	-0,7938440618210275	0,7938440618210275	0,002231003625062076	0,019003139059437818	12	P20700	LMNB1	Lamin-B1	LMNB1_HUMAN	13	-42,31948550618525	0,5768051449381475	TLR10_WO	WT_WO	NaN	NaN	NaN
TLR10_WO / WT_WO	P49720	P49720	-0,7576170338805832	0,7576170338805832	0,002253192043351547	0,019045771790823066	12	P49720	PSMB3	Proteasome subunit beta type-3	PSB3_HUMAN	4	-40,8527513227966	0,591472486772034	TLR10_WO	WT_WO	NaN	NaN	NaN
TLR10_WO / WT_WO	P62136;P62136-2	P62136;P62136-2	-0,7350922224202944	0,7350922224202944	0,002300222182687193	0,019219733436614848	12	P62136;P62136-2	PPP1CA	Serine/threonine-protein phosphatase PP1-alpha catalytic subunit;Isoform 2 of Serine/threonine-protein phosphatase PP1-alpha catalytic subunit	PP1A_HUMAN	11	-39,922038052660234	0,6007796194733976	TLR10_WO	WT_WO	NaN	NaN	NaN
TLR10_WO / WT_WO	Q92765	Q92765	2,7088274909436336	2,7088274909436336	0,002305100104130666	0,019219733436614848	12	Q92765	FRZB	Secreted frizzled-related protein 3	SFRP3_HUMAN	7	553,790081712714	6,53790081712714	TLR10_WO	WT_WO	NaN	NaN	NaN
TLR10_WO / WT_WO	Q13287	Q13287	-1,0372808593792289	1,0372808593792289	0,002407281500797219	0,019576675485319182	12	Q13287	NMI	N-myc-interactor	NMI_HUMAN	4	-51,275504911806415	0,4872449508819358	TLR10_WO	WT_WO	NaN	NaN	NaN
TLR10_WO / WT_WO	Q7L1Q6;Q7L1Q6-2;Q7L1Q6-3;Q7L1Q6-4	Q7L1Q6;Q7L1Q6-2;Q7L1Q6-3;Q7L1Q6-4	-0,743519930752278	0,743519930752278	0,002419352093344286	0,01960152658758836	12	Q7L1Q6;Q7L1Q6-2;Q7L1Q6-3;Q7L1Q6-4	BZW1	Basic leucine zipper and W2 domain-containing protein 1;Isoform 2 of Basic leucine zipper and W2 domain-containing protein 1;Isoform 3 of Basic leucine zipper and W2 domain-containing protein 1;Isoform 4 of Basic leucine zipper and W2 domain-containing protein 1	BZW1_HUMAN	4	-40,271968933978094	0,597280310660219	TLR10_WO	WT_WO	NaN	NaN	NaN
TLR10_WO / WT_WO	Q16186	Q16186	-1,1160238899431099	1,1160238899431099	0,0024858158296991962	0,019934081375205207	11	Q16186	ADRM1	Proteasomal ubiquitin receptor ADRM1	ADRM1_HUMAN	6	-53,86363935701382	0,46136360642986185	TLR10_WO	WT_WO	NaN	NaN	NaN
TLR10_WO / WT_WO	Q9UMR5;Q9UMR5-2;Q9UMR5-3	Q9UMR5;Q9UMR5-2;Q9UMR5-3	-0,8123543801335881	0,8123543801335881	0,0025533194144935333	0,020281405375072666	12	Q9UMR5;Q9UMR5-2;Q9UMR5-3	PPT2	Lysosomal thioesterase PPT2;Isoform 2 of Lysosomal thioesterase PPT2;Isoform 3 of Lysosomal thioesterase PPT2	PPT2_HUMAN	2	-43,054820733631416	0,5694517926636858	TLR10_WO	WT_WO	NaN	NaN	NaN
TLR10_WO / WT_WO	Q10588	Q10588	2,7199302547063167	2,7199302547063167	0,0026184399389946145	0,020496512480138424	12	Q10588	BST1	ADP-ribosyl cyclase/cyclic ADP-ribose hydrolase 2	BST1_HUMAN	5	558,8409621989645	6,588409621989645	TLR10_WO	WT_WO	NaN	NaN	NaN
TLR10_WO / WT_WO	P04259	P04259	-0,8825957766814593	0,8825957766814593	0,002754987871490535	0,020945175722082203	12	P04259	KRT6B	Keratin, type II cytoskeletal 6B	K2C6B_HUMAN	23	-45,76093464613067	0,5423906535386933	TLR10_WO	WT_WO	NaN	NaN	NaN
TLR10_WO / WT_WO	Q8NC51;Q8NC51-2;Q8NC51-3;Q8NC51-4	Q8NC51;Q8NC51-2;Q8NC51-3;Q8NC51-4	-1,0339261222304548	1,0339261222304548	0,002900860097495701	0,021539236569327984	12	Q8NC51;Q8NC51-2;Q8NC51-3;Q8NC51-4	SERBP1	Plasminogen activator inhibitor 1 RNA-binding protein;Isoform 2 of Plasminogen activator inhibitor 1 RNA-binding protein;Isoform 3 of Plasminogen activator inhibitor 1 RNA-binding protein;Isoform 4 of Plasminogen activator inhibitor 1 RNA-binding protein	PAIRB_HUMAN	10	-51,16207271515194	0,48837927284848065	TLR10_WO	WT_WO	NaN	NaN	NaN
TLR10_WO / WT_WO	P09661	P09661	-1,4149876455856425	1,4149876455856425	0,0029035431133704738	0,021541813830653667	11	P09661	SNRPA1	U2 small nuclear ribonucleoprotein A'	RU2A_HUMAN	5	-62,498704129602004	0,37501295870398	TLR10_WO	WT_WO	NaN	NaN	NaN
TLR10_WO / WT_WO	P04066	P04066	1,0847942013546286	1,0847942013546286	0,0029654772004713012	0,021808317976671723	12	P04066	FUCA1	Tissue alpha-L-fucosidase	FUCO_HUMAN	2	112,10728927563932	2,121072892756393	TLR10_WO	WT_WO	NaN	NaN	NaN
TLR10_WO / WT_WO	Q9UBE0;Q9UBE0-2;Q9UBE0-3	Q9UBE0;Q9UBE0-2;Q9UBE0-3	-1,2523959066314778	1,2523959066314778	0,002982302949520188	0,021879416615984543	12	Q9UBE0;Q9UBE0-2;Q9UBE0-3	SAE1	SUMO-activating enzyme subunit 1;Isoform 2 of SUMO-activating enzyme subunit 1;Isoform 3 of SUMO-activating enzyme subunit 1	SAE1_HUMAN	4	-58,024945793531366	0,4197505420646863	TLR10_WO	WT_WO	NaN	NaN	NaN
TLR10_WO / WT_WO	P50238	P50238	-0,9785711345625607	0,9785711345625607	0,0030329034509432575	0,02193681225458723	12	P50238	CRIP1	Cysteine-rich protein 1	CRIP1_HUMAN	2	-49,25178915124615	0,5074821084875385	TLR10_WO	WT_WO	NaN	NaN	NaN
TLR10_WO / WT_WO	Q9UBU2	Q9UBU2	-0,7332601990013707	0,7332601990013707	0,0031602081479826442	0,02240079903204915	12	Q9UBU2	DKK2	Dickkopf-related protein 2	DKK2_HUMAN	4	-39,845698879859505	0,601543011201405	TLR10_WO	WT_WO	NaN	NaN	NaN
TLR10_WO / WT_WO	P00750	P00750	0,9106114304254647	0,9106114304254647	0,0031792739129205883	0,022492366924170733	12	P00750	PLAT	Tissue-type plasminogen activator	TPA_HUMAN	5	87,98420278746293	1,8798420278746293	TLR10_WO	WT_WO	NaN	NaN	NaN
TLR10_WO / WT_WO	Q9Y617	Q9Y617	-0,9947324786119075	0,9947324786119075	0,003182882111910953	0,022492366924170733	12	Q9Y617	PSAT1	Phosphoserine aminotransferase	SERC_HUMAN	8	-49,81710793845882	0,5018289206154118	TLR10_WO	WT_WO	NaN	NaN	NaN
TLR10_WO / WT_WO	P35268	P35268	-1,0784516774672135	1,0784516774672135	0,0032425098667551223	0,022739487445791434	12	P35268	RPL22	60S ribosomal protein L22	RL22_HUMAN	2	-52,64632423074582	0,4735367576925417	TLR10_WO	WT_WO	NaN	NaN	NaN
TLR10_WO / WT_WO	Q6PEZ8;Q6PEZ8-2;Q6PEZ8-3	Q6PEZ8;Q6PEZ8-2;Q6PEZ8-3	-0,8297072542338464	0,8297072542338464	0,0033341532976419275	0,023071557666323614	12	Q6PEZ8;Q6PEZ8-2;Q6PEZ8-3	PODNL1	Podocan-like protein 1;Isoform 2 of Podocan-like protein 1;Isoform 3 of Podocan-like protein 1	PONL1_HUMAN	2	-43,73565999449258	0,5626434000550742	TLR10_WO	WT_WO	NaN	NaN	NaN
TLR10_WO / WT_WO	Q9Y237;Q9Y237-2	Q9Y237;Q9Y237-2	-0,7276711647739106	0,7276711647739106	0,0033285969710377963	0,023071557666323614	12	Q9Y237;Q9Y237-2	PIN4	Peptidyl-prolyl cis-trans isomerase NIMA-interacting 4;Isoform 2 of Peptidyl-prolyl cis-trans isomerase NIMA-interacting 4	PIN4_HUMAN	2	-39,61220773165767	0,6038779226834233	TLR10_WO	WT_WO	NaN	NaN	NaN
TLR10_WO / WT_WO	P00749;P00749-2	P00749;P00749-2	1,831722077705218	1,831722077705218	0,003370663859374449	0,023121213243099834	12	P00749;P00749-2	PLAU	Urokinase-type plasminogen activator;Isoform 2 of Urokinase-type plasminogen activator	UROK_HUMAN	20	255,9617138554903	3,559617138554903	TLR10_WO	WT_WO	NaN	NaN	NaN
TLR10_WO / WT_WO	P05455	P05455	-2,2459342654373144	2,2459342654373144	0,0034933193559954943	0,02354257673683898	11	P05455	SSB	Lupus La protein	LA_HUMAN	3	-78,91826170306622	0,21081738296933775	TLR10_WO	WT_WO	NaN	NaN	NaN
TLR10_WO / WT_WO	P55072	P55072	-0,7112231058059498	0,7112231058059498	0,0034820022312485833	0,02354257673683898	12	P55072	VCP	Transitional endoplasmic reticulum ATPase	TERA_HUMAN	46	-38,91979140538603	0,6108020859461397	TLR10_WO	WT_WO	NaN	NaN	NaN
TLR10_WO / WT_WO	Q969Q0	Q969Q0	-0,685637794703914	0,685637794703914	0,003491784910167623	0,02354257673683898	12	Q969Q0	RPL36AL	60S ribosomal protein L36a-like	RL36L_HUMAN	2	-37,82690923969838	0,6217309076030162	TLR10_WO	WT_WO	NaN	NaN	NaN
TLR10_WO / WT_WO	Q13541	Q13541	-1,0734978897027971	1,0734978897027971	0,003665794722734147	0,02422784299671717	10	Q13541	EIF4EBP1	Eukaryotic translation initiation factor 4E-binding protein 1	4EBP1_HUMAN	2	-52,48344624643764	0,47516553753562357	TLR10_WO	WT_WO	NaN	NaN	NaN
TLR10_WO / WT_WO	Q8NHY3	Q8NHY3	0,8012796047718277	0,8012796047718277	0,0036841819177323926	0,024251772977573194	12	Q8NHY3	GAS2L2	GAS2-like protein 2	GA2L2_HUMAN	1	74,264608902102	1,74264608902102	TLR10_WO	WT_WO	NaN	NaN	NaN
TLR10_WO / WT_WO	P07093-2;P07093-3	P07093-2;P07093-3	1,159833240083765	1,159833240083765	0,0037073302710643177	0,024333807658188707	12	P07093-2;P07093-3	SERPINE2	Isoform 2 of Glia-derived nexin;Isoform 3 of Glia-derived nexin	GDN_HUMAN	21	123,43159984953486	2,2343159984953487	TLR10_WO	WT_WO	NaN	NaN	NaN
TLR10_WO / WT_WO	P22105;P22105-1	P22105;P22105-1	3,222566314654706	3,222566314654706	0,0037750219903805735	0,024550954016424296	12	P22105;P22105-1	TNXB	Tenascin-X;Isoform 3 of Tenascin-X	TENX_HUMAN	86	833,4458381992262	9,334458381992262	TLR10_WO	WT_WO	NaN	NaN	NaN
TLR10_WO / WT_WO	O75718	O75718	-0,7300912408634872	0,7300912408634872	0,0037820657971303078	0,024557072229438474	12	O75718	CRTAP	Cartilage-associated protein	CRTAP_HUMAN	12	-39,713421461052015	0,6028657853894799	TLR10_WO	WT_WO	NaN	NaN	NaN
TLR10_WO / WT_WO	Q07021	Q07021	-1,8383799397068696	1,8383799397068696	0,003787424743359439	0,024562328398917543	12	Q07021	C1QBP	Complement component 1 Q subcomponent-binding protein, mitochondrial	C1QBP_HUMAN	2	-72,03643776369337	0,2796356223630662	TLR10_WO	WT_WO	NaN	NaN	NaN
TLR10_WO / WT_WO	Q99471	Q99471	-1,63905652447752	1,63905652447752	0,003922156036247312	0,025065920281547274	12	Q99471	PFDN5	Prefoldin subunit 5	PFD5_HUMAN	3	-67,8933627309636	0,3210663726903639	TLR10_WO	WT_WO	NaN	NaN	NaN
TLR10_WO / WT_WO	Q9Y5G0;Q9Y5G0-2	Q9Y5G0;Q9Y5G0-2	1,1147093250898716	1,1147093250898716	0,004007993488319367	0,025420712482311696	12	Q9Y5G0;Q9Y5G0-2	PCDHGB5	Protocadherin gamma-B5;Isoform 2 of Protocadherin gamma-B5	PCDGH_HUMAN	4	116,55137383163847	2,1655137383163847	TLR10_WO	WT_WO	NaN	NaN	NaN
TLR10_WO / WT_WO	P62750	P62750	-0,5934182293503404	0,5934182293503404	0,00404013127045988	0,025466910851798367	12	P62750	RPL23A	60S ribosomal protein L23a	RL23A_HUMAN	5	-33,72292812854094	0,6627707187145906	TLR10_WO	WT_WO	NaN	NaN	NaN
TLR10_WO / WT_WO	Q15459;Q15459-2	Q15459;Q15459-2	-0,8329938288704104	0,8329938288704104	0,004073311599902502	0,02562351949133757	12	Q15459;Q15459-2	SF3A1	Splicing factor 3A subunit 1;Isoform 2 of Splicing factor 3A subunit 1	SF3A1_HUMAN	7	-43,86368877370147	0,5613631122629853	TLR10_WO	WT_WO	NaN	NaN	NaN
TLR10_WO / WT_WO	Q9NZB2;Q9NZB2-4;Q9NZB2-6	Q9NZB2;Q9NZB2-4;Q9NZB2-6	-0,6137247540373763	0,6137247540373763	0,00416657791578628	0,02589577837896472	12	Q9NZB2;Q9NZB2-4;Q9NZB2-6	FAM120A	Constitutive coactivator of PPAR-gamma-like protein 1;Isoform D of Constitutive coactivator of PPAR-gamma-like protein 1;Isoform F of Constitutive coactivator of PPAR-gamma-like protein 1	F120A_HUMAN	3	-34,64927049276684	0,6535072950723316	TLR10_WO	WT_WO	NaN	NaN	NaN
TLR10_WO / WT_WO	Q96AM1	Q96AM1	0,762245546284048	0,762245546284048	0,004244313380236028	0,026233953078107674	12	Q96AM1	MRGPRF	Mas-related G-protein coupled receptor member F	MRGRF_HUMAN	2	69,61285853019592	1,6961285853019592	TLR10_WO	WT_WO	NaN	NaN	NaN
TLR10_WO / WT_WO	P62280	P62280	-0,7354886822740372	0,7354886822740372	0,004253619081528927	0,026273861466751352	12	P62280	RPS11	40S ribosomal protein S11	RS11_HUMAN	6	-39,93854551051501	0,6006145448948499	TLR10_WO	WT_WO	NaN	NaN	NaN
TLR10_WO / WT_WO	O60506	O60506	-0,7714796024318701	0,7714796024318701	0,0042961258209500775	0,026403427620979147	12	O60506	SYNCRIP	Heterogeneous nuclear ribonucleoprotein Q	HNRPQ_HUMAN	22	-41,4183636442357	0,585816363557643	TLR10_WO	WT_WO	NaN	NaN	NaN
TLR10_WO / WT_WO	Q9BUD6	Q9BUD6	2,354299425064785	2,354299425064785	0,004350476219416305	0,02653615539178104	12	Q9BUD6	SPON2	Spondin-2	SPON2_HUMAN	7	411,34586187270133	5,113458618727013	TLR10_WO	WT_WO	NaN	NaN	NaN
TLR10_WO / WT_WO	P78559;P78559-2	P78559;P78559-2	-0,8250272238533489	0,8250272238533489	0,0044146412814938946	0,02661444720927953	12	P78559;P78559-2	MAP1A	Microtubule-associated protein 1A;Isoform 2 of Microtubule-associated protein 1A	MAP1A_HUMAN	14	-43,552844935303625	0,5644715506469637	TLR10_WO	WT_WO	NaN	NaN	NaN
TLR10_WO / WT_WO	Q04721	Q04721	0,8673288623159947	0,8673288623159947	0,004447653546898203	0,02665002570927344	12	Q04721	NOTCH2	Neurogenic locus notch homolog protein 2	NOTC2_HUMAN	13	82,42821287349538	1,8242821287349538	TLR10_WO	WT_WO	NaN	NaN	NaN
TLR10_WO / WT_WO	P12259	P12259	0,8344761137120389	0,8344761137120389	0,004490383161274814	0,026664722159224944	12	P12259	F5	Coagulation factor V	FA5_HUMAN	12	78,32093838910738	1,7832093838910739	TLR10_WO	WT_WO	NaN	NaN	NaN
TLR10_WO / WT_WO	P51991	P51991	-0,8685504459434003	0,8685504459434003	0,00450913728266474	0,02670729866456919	12	P51991	HNRNPA3	Heterogeneous nuclear ribonucleoprotein A3	ROA3_HUMAN	11	-45,23031249412437	0,5476968750587563	TLR10_WO	WT_WO	NaN	NaN	NaN
TLR10_WO / WT_WO	P23470;P23470-2	P23470;P23470-2	0,6492785971157216	0,6492785971157216	0,004542435634775689	0,026801242113820477	12	P23470;P23470-2	PTPRG	Receptor-type tyrosine-protein phosphatase gamma;Isoform 2 of Receptor-type tyrosine-protein phosphatase gamma	PTPRG_HUMAN	7	56,83837476217673	1,5683837476217672	TLR10_WO	WT_WO	NaN	NaN	NaN
TLR10_WO / WT_WO	O75084;Q14332	O75084;Q14332	0,9761162066374468	0,9761162066374468	0,0046001844797563815	0,026986578417502134	12	O75084;Q14332	FZD7;FZD2	Frizzled-7;Frizzled-2	FZD7_HUMAN;FZD2_HUMAN	1	96,71625932799913	1,9671625932799912	TLR10_WO	WT_WO	NaN	NaN	NaN
TLR10_WO / WT_WO	P62241	P62241	-0,6685675375178549	0,6685675375178549	0,0046296556213918745	0,02698779022786085	12	P62241	RPS8	40S ribosomal protein S8	RS8_HUMAN	8	-37,086895392794894	0,6291310460720511	TLR10_WO	WT_WO	NaN	NaN	NaN
TLR10_WO / WT_WO	P06756;P06756-2;P06756-3	P06756;P06756-2;P06756-3	0,5860025367001525	0,5860025367001525	0,00470281563170921	0,027088923020376222	12	P06756;P06756-2;P06756-3	ITGAV	Integrin alpha-V;Isoform 2 of Integrin alpha-V;Isoform 3 of Integrin alpha-V	ITAV_HUMAN	14	50,10817368739136	1,5010817368739136	TLR10_WO	WT_WO	NaN	NaN	NaN
TLR10_WO / WT_WO	P28827;P28827-2	P28827;P28827-2	0,7263908685344922	0,7263908685344922	0,00469479537775765	0,027088923020376222	12	P28827;P28827-2	PTPRM	Receptor-type tyrosine-protein phosphatase mu;Isoform 2 of Receptor-type tyrosine-protein phosphatase mu	PTPRM_HUMAN	5	65,44949275252708	1,6544949275252707	TLR10_WO	WT_WO	NaN	NaN	NaN
TLR10_WO / WT_WO	Q5VY43	Q5VY43	1,0893354085858782	1,0893354085858782	0,004915132677661777	0,02776578824372274	12	Q5VY43	PEAR1	Platelet endothelial aggregation receptor 1	PEAR1_HUMAN	1	112,77599659159864	2,1277599659159865	TLR10_WO	WT_WO	NaN	NaN	NaN
TLR10_WO / WT_WO	O95428;O95428-5;O95428-6	O95428;O95428-5;O95428-6	-0,9603581187043113	0,9603581187043113	0,004964175194833081	0,02778944504774556	12	O95428;O95428-5;O95428-6	PAPLN	Papilin;Isoform 5 of Papilin;Isoform 6 of Papilin	PPN_HUMAN	6	-48,60706746540141	0,5139293253459859	TLR10_WO	WT_WO	NaN	NaN	NaN
TLR10_WO / WT_WO	P46782	P46782	-0,6669461903407373	0,6669461903407373	0,00495752629916758	0,02778944504774556	12	P46782	RPS5	40S ribosomal protein S5	RS5_HUMAN	5	-37,01615187401494	0,6298384812598506	TLR10_WO	WT_WO	NaN	NaN	NaN
TLR10_WO / WT_WO	Q96CV9;Q96CV9-2	Q96CV9;Q96CV9-2	-0,7937108338576975	0,7937108338576975	0,005202778789026204	0,028576549131864	12	Q96CV9;Q96CV9-2	OPTN	Optineurin;Isoform 2 of Optineurin	OPTN_HUMAN	14	-42,314158661572286	0,5768584133842771	TLR10_WO	WT_WO	NaN	NaN	NaN
TLR10_WO / WT_WO	Q12906;Q12906-2;Q12906-3;Q12906-4;Q12906-5;Q12906-6;Q12906-7	Q12906;Q12906-2;Q12906-3;Q12906-4;Q12906-5;Q12906-6;Q12906-7	-1,1208675265929446	1,1208675265929446	0,005224713596894032	0,028662884467910033	12	Q12906;Q12906-2;Q12906-3;Q12906-4;Q12906-5;Q12906-6;Q12906-7	ILF3	Interleukin enhancer-binding factor 3;Isoform 2 of Interleukin enhancer-binding factor 3;Isoform 3 of Interleukin enhancer-binding factor 3;Isoform 4 of Interleukin enhancer-binding factor 3;Isoform 5 of Interleukin enhancer-binding factor 3;Isoform 6 of Interleukin enhancer-binding factor 3;Isoform 7 of Interleukin enhancer-binding factor 3	ILF3_HUMAN	17	-54,01827568024278	0,4598172431975723	TLR10_WO	WT_WO	NaN	NaN	NaN
TLR10_WO / WT_WO	P51570	P51570	-0,8289259641499174	0,8289259641499174	0,005280129274903186	0,02870352890340463	12	P51570	GALK1	Galactokinase	GALK1_HUMAN	4	-43,7051818444037	0,562948181555963	TLR10_WO	WT_WO	NaN	NaN	NaN
TLR10_WO / WT_WO	P28300	P28300	0,6627044692377049	0,6627044692377049	0,0053058580548640995	0,02879966037784386	12	P28300	LOX	Protein-lysine 6-oxidase	LYOX_HUMAN	16	58,30474170970332	1,5830474170970332	TLR10_WO	WT_WO	NaN	NaN	NaN
TLR10_WO / WT_WO	Q13247;Q13247-3	Q13247;Q13247-3	-1,0535673090480895	1,0535673090480895	0,005379572809995178	0,029028917761132554	12	Q13247;Q13247-3	SRSF6	Serine/arginine-rich splicing factor 6;Isoform SRP55-3 of Serine/arginine-rich splicing factor 6	SRSF6_HUMAN	1	-51,822458128851956	0,4817754187114805	TLR10_WO	WT_WO	NaN	NaN	NaN
TLR10_WO / WT_WO	Q9UI30;Q9UI30-2	Q9UI30;Q9UI30-2	-2,1231986469833153	2,1231986469833153	0,005490353444729722	0,029300948765797162	10	Q9UI30;Q9UI30-2	TRMT112	Multifunctional methyltransferase subunit TRM112-like protein;Isoform 2 of Multifunctional methyltransferase subunit TRM112-like protein	TR112_HUMAN	3	-77,04625669763556	0,2295374330236445	TLR10_WO	WT_WO	NaN	NaN	NaN
TLR10_WO / WT_WO	Q6UVK1	Q6UVK1	1,1371614149857343	1,1371614149857343	0,0055272302259194925	0,02941264693792819	12	Q6UVK1	CSPG4	Chondroitin sulfate proteoglycan 4	CSPG4_HUMAN	35	119,94783720539405	2,1994783720539406	TLR10_WO	WT_WO	NaN	NaN	NaN
TLR10_WO / WT_WO	P58215	P58215	0,8900076598265393	0,8900076598265393	0,005601364415434947	0,029604954331768144	12	P58215	LOXL3	Lysyl oxidase homolog 3	LOXL3_HUMAN	20	85,31859630363961	1,853185963036396	TLR10_WO	WT_WO	NaN	NaN	NaN
TLR10_WO / WT_WO	Q9GZP0;Q9GZP0-2	Q9GZP0;Q9GZP0-2	1,8845719497874727	1,8845719497874727	0,00558840263274043	0,029604954331768144	11	Q9GZP0;Q9GZP0-2	PDGFD	Platelet-derived growth factor D;Isoform 2 of Platelet-derived growth factor D	PDGFD_HUMAN	3	269,24335287086456	3,6924335287086456	TLR10_WO	WT_WO	NaN	NaN	NaN
TLR10_WO / WT_WO	P25398	P25398	-0,6281671580162431	0,6281671580162431	0,005618747449675958	0,029605810303943096	12	P25398	RPS12	40S ribosomal protein S12	RS12_HUMAN	5	-35,30021415781509	0,6469978584218491	TLR10_WO	WT_WO	NaN	NaN	NaN
TLR10_WO / WT_WO	Q6EEV4-2	Q6EEV4-2	-0,9639492741986313	0,9639492741986313	0,0056247975484326395	0,029605810303943096	12	Q6EEV4-2	POLR2M	Isoform 5 of DNA-directed RNA polymerase II subunit GRINL1A, isoforms 4/5	GL1AD_HUMAN	2	-48,73483563120465	0,5126516436879535	TLR10_WO	WT_WO	NaN	NaN	NaN
TLR10_WO / WT_WO	Q15428	Q15428	-0,6147899189477878	0,6147899189477878	0,005636942586942752	0,029620447029507724	12	Q15428	SF3A2	Splicing factor 3A subunit 2	SF3A2_HUMAN	6	-34,69750217822939	0,6530249782177061	TLR10_WO	WT_WO	NaN	NaN	NaN
TLR10_WO / WT_WO	Q99536	Q99536	0,8223716130908265	0,8223716130908265	0,00564937218898654	0,029651969451812105	12	Q99536	VAT1	Synaptic vesicle membrane protein VAT-1 homolog	VAT1_HUMAN	8	76,83104894234016	1,7683104894234016	TLR10_WO	WT_WO	NaN	NaN	NaN
TLR10_WO / WT_WO	P13987;P13987-2	P13987;P13987-2	0,7457782541504053	0,7457782541504053	0,005895578733930496	0,030373758147657557	12	P13987;P13987-2	CD59	CD59 glycoprotein;Isoform 2 of CD59 glycoprotein	CD59_HUMAN	5	67,68786086213096	1,6768786086213097	TLR10_WO	WT_WO	NaN	NaN	NaN
TLR10_WO / WT_WO	P62070;P62070-4	P62070;P62070-4	-0,8261295871575247	0,8261295871575247	0,005893072401395644	0,030373758147657557	12	P62070;P62070-4	RRAS2	Ras-related protein R-Ras2;Isoform 4 of Ras-related protein R-Ras2	RRAS2_HUMAN	6	-43,59595973329875	0,5640404026670125	TLR10_WO	WT_WO	NaN	NaN	NaN
TLR10_WO / WT_WO	P02545	P02545	-0,9890776984548934	0,9890776984548934	0,005983416813459077	0,03063801768668496	12	P02545	LMNA	Prelamin-A/C	LMNA_HUMAN	48	-49,62002533987926	0,5037997466012074	TLR10_WO	WT_WO	NaN	NaN	NaN
TLR10_WO / WT_WO	P55808-3	P55808-3	0,6442871658557298	0,6442871658557298	0,006183824386501431	0,031224008602868242	12	P55808-3	XG	Isoform 3 of Glycoprotein Xg	XG_HUMAN	2	56,29668351244439	1,562966835124444	TLR10_WO	WT_WO	NaN	NaN	NaN
TLR10_WO / WT_WO	P27694	P27694	-0,6836182855736014	0,6836182855736014	0,00620736441821958	0,03124689665110315	12	P27694	RPA1	Replication protein A 70 kDa DNA-binding subunit	RFA1_HUMAN	6	-37,73981734445309	0,6226018265554691	TLR10_WO	WT_WO	NaN	NaN	NaN
TLR10_WO / WT_WO	Q13018;Q13018-2	Q13018;Q13018-2	0,6706679837491182	0,6706679837491182	0,006259563887563652	0,03134650693612118	11	Q13018;Q13018-2	PLA2R1	Secretory phospholipase A2 receptor;Isoform 2 of Secretory phospholipase A2 receptor	PLA2R_HUMAN	4	59,18098224517345	1,5918098224517345	TLR10_WO	WT_WO	NaN	NaN	NaN
TLR10_WO / WT_WO	Q9UH65	Q9UH65	-0,7098487937379999	0,7098487937379999	0,006307447236358009	0,03144177211551004	12	Q9UH65	SWAP70	Switch-associated protein 70	SWP70_HUMAN	17	-38,861578643642325	0,6113842135635768	TLR10_WO	WT_WO	NaN	NaN	NaN
TLR10_WO / WT_WO	Q9UHX1;Q9UHX1-2	Q9UHX1;Q9UHX1-2	-0,7848713072815704	0,7848713072815704	0,0063274634223652315	0,0314734992885934	12	Q9UHX1;Q9UHX1-2	PUF60	Poly(U)-binding-splicing factor PUF60;Isoform 2 of Poly(U)-binding-splicing factor PUF60	PUF60_HUMAN	9	-41,95962713663908	0,5804037286336092	TLR10_WO	WT_WO	NaN	NaN	NaN
TLR10_WO / WT_WO	Q9NR99	Q9NR99	1,6267359478251482	1,6267359478251482	0,006342436102443983	0,031513979384018544	12	Q9NR99	MXRA5	Matrix-remodeling-associated protein 5	MXRA5_HUMAN	31	208,8135268442288	3,088135268442288	TLR10_WO	WT_WO	NaN	NaN	NaN
TLR10_WO / WT_WO	Q13643	Q13643	-0,6332298652313003	0,6332298652313003	0,0063474402939208505	0,03152186019953585	12	Q13643	FHL3	Four and a half LIM domains protein 3	FHL3_HUMAN	2	-35,52686081905227	0,6447313918094774	TLR10_WO	WT_WO	NaN	NaN	NaN
TLR10_WO / WT_WO	P11766	P11766	0,6165757345816633	0,6165757345816633	0,006473441633322072	0,031797638609280386	12	P11766	ADH5	Alcohol dehydrogenase class-3	ADHX_HUMAN	6	53,32317030748997	1,5332317030748996	TLR10_WO	WT_WO	NaN	NaN	NaN
TLR10_WO / WT_WO	Q9UBG0	Q9UBG0	0,7217475607470702	0,7217475607470702	0,006478914796523957	0,031797638609280386	12	Q9UBG0	MRC2	C-type mannose receptor 2	MRC2_HUMAN	33	64,9178502747592	1,649178502747592	TLR10_WO	WT_WO	NaN	NaN	NaN
TLR10_WO / WT_WO	P07996	P07996	0,7121437810028439	0,7121437810028439	0,006575572686048421	0,032033772483221624	12	P07996	THBS1	Thrombospondin-1	TSP1_HUMAN	58	63,82366565374997	1,6382366565374997	TLR10_WO	WT_WO	NaN	NaN	NaN
TLR10_WO / WT_WO	P35637;P35637-2	P35637;P35637-2	-0,6093956663610781	0,6093956663610781	0,006627667875907966	0,03220103128568122	12	P35637;P35637-2	FUS	RNA-binding protein FUS;Isoform Short of RNA-binding protein FUS	FUS_HUMAN	4	-34,45287838185549	0,6554712161814451	TLR10_WO	WT_WO	NaN	NaN	NaN
TLR10_WO / WT_WO	P48444	P48444	-0,6695803568275285	0,6695803568275285	0,006680256969117372	0,03221092492611806	12	P48444	ARCN1	Coatomer subunit delta	COPD_HUMAN	26	-37,13104695911821	0,6286895304088179	TLR10_WO	WT_WO	NaN	NaN	NaN
TLR10_WO / WT_WO	P29279	P29279	1,0329202210272859	1,0329202210272859	0,006702914457152967	0,03224165052394733	12	P29279	CCN2	CCN family member 2	CCN2_HUMAN	22	104,61617865195016	2,0461617865195016	TLR10_WO	WT_WO	NaN	NaN	NaN
TLR10_WO / WT_WO	P39023	P39023	-0,705948516434705	0,705948516434705	0,006777377162908244	0,03245101019162694	12	P39023	RPL3	60S ribosomal protein L3	RL3_HUMAN	17	-38,69606936342622	0,6130393063657378	TLR10_WO	WT_WO	NaN	NaN	NaN
TLR10_WO / WT_WO	O00303	O00303	-1,2709058501536805	1,2709058501536805	0,0068334749912562385	0,032584439694604464	12	O00303	EIF3F	Eukaryotic translation initiation factor 3 subunit F	EIF3F_HUMAN	2	-58,56005050514743	0,41439949494852574	TLR10_WO	WT_WO	NaN	NaN	NaN
TLR10_WO / WT_WO	P46779;P46779-2;P46779-3;P46779-4;P46779-5	P46779;P46779-2;P46779-3;P46779-4;P46779-5	-0,7106437125741009	0,7106437125741009	0,006854393663572814	0,032616727742759796	12	P46779;P46779-2;P46779-3;P46779-4;P46779-5	RPL28	60S ribosomal protein L28;Isoform 2 of 60S ribosomal protein L28;Isoform 3 of 60S ribosomal protein L28;Isoform 4 of 60S ribosomal protein L28;Isoform 5 of 60S ribosomal protein L28	RL28_HUMAN	7	-38,895256374976995	0,6110474362502301	TLR10_WO	WT_WO	NaN	NaN	NaN
TLR10_WO / WT_WO	P20774	P20774	-1,5799243582933826	1,5799243582933826	0,006883046063378047	0,03265242884478597	11	P20774	OGN	Mimecan	MIME_HUMAN	3	-66,55005736787774	0,33449942632122254	TLR10_WO	WT_WO	NaN	NaN	NaN
TLR10_WO / WT_WO	P04844;P04844-2	P04844;P04844-2	-3,7920128476542536	3,7920128476542536	0,006939217187078728	0,03288461505613568	12	P04844;P04844-2	RPN2	Dolichyl-diphosphooligosaccharide--protein glycosyltransferase subunit 2;Isoform 2 of Dolichyl-diphosphooligosaccharide--protein glycosyltransferase subunit 2	RPN2_HUMAN	3	-92,78077813627344	0,0721922186372656	TLR10_WO	WT_WO	NaN	NaN	NaN
TLR10_WO / WT_WO	O95721	O95721	-0,6074386162147976	0,6074386162147976	0,00704258301988663	0,033152986528532165	12	O95721	SNAP29	Synaptosomal-associated protein 29	SNP29_HUMAN	5	-34,363901816171904	0,656360981838281	TLR10_WO	WT_WO	NaN	NaN	NaN
TLR10_WO / WT_WO	P61812;P61812-2	P61812;P61812-2	0,7354544829682865	0,7354544829682865	0,007073925783851223	0,033215755386291235	12	P61812;P61812-2	TGFB2	Transforming growth factor beta-2 proprotein;Isoform B of Transforming growth factor beta-2 proprotein	TGFB2_HUMAN	5	66,49218764818184	1,6649218764818183	TLR10_WO	WT_WO	NaN	NaN	NaN
TLR10_WO / WT_WO	P18621;P18621-3	P18621;P18621-3	-0,6561266268142609	0,6561266268142609	0,007189796951138839	0,033628071809850564	12	P18621;P18621-3	RPL17	60S ribosomal protein L17;Isoform 3 of 60S ribosomal protein L17	RL17_HUMAN	6	-36,542025714534155	0,6345797428546585	TLR10_WO	WT_WO	NaN	NaN	NaN
TLR10_WO / WT_WO	P02533	P02533	-1,1980176564491614	1,1980176564491614	0,007220827825142662	0,03368258685051372	12	P02533	KRT14	Keratin, type I cytoskeletal 14	K1C14_HUMAN	6	-56,41262147132593	0,43587378528674076	TLR10_WO	WT_WO	NaN	NaN	NaN
TLR10_WO / WT_WO	P62906	P62906	-0,74769822771144	0,74769822771144	0,0072825145959892115	0,033799370711732515	12	P62906	RPL10A	60S ribosomal protein L10a	RL10A_HUMAN	9	-40,44470149724173	0,5955529850275827	TLR10_WO	WT_WO	NaN	NaN	NaN
TLR10_WO / WT_WO	O14979;O14979-2;O14979-3	O14979;O14979-2;O14979-3	-0,8988375196721305	0,8988375196721305	0,007575372486659631	0,03470004474140013	12	O14979;O14979-2;O14979-3	HNRNPDL	Heterogeneous nuclear ribonucleoprotein D-like;Isoform 2 of Heterogeneous nuclear ribonucleoprotein D-like;Isoform 3 of Heterogeneous nuclear ribonucleoprotein D-like	HNRDL_HUMAN	5	-46,36812932878674	0,5363187067121326	TLR10_WO	WT_WO	NaN	NaN	NaN
TLR10_WO / WT_WO	Q9Y266	Q9Y266	-1,0855673147790175	1,0855673147790175	0,0076050143591461705	0,034730982297351894	12	Q9Y266	NUDC	Nuclear migration protein nudC	NUDC_HUMAN	10	-52,879306242531456	0,4712069375746855	TLR10_WO	WT_WO	NaN	NaN	NaN
TLR10_WO / WT_WO	P51888	P51888	1,5028992183456944	1,5028992183456944	0,00763949689614173	0,03479083475368842	12	P51888	PRELP	Prolargin	PRELP_HUMAN	6	183,4116804565201	2,834116804565201	TLR10_WO	WT_WO	NaN	NaN	NaN
TLR10_WO / WT_WO	Q6FI81;Q6FI81-2;Q6FI81-3	Q6FI81;Q6FI81-2;Q6FI81-3	-0,7248208064606158	0,7248208064606158	0,007671715539295407	0,03487390545487194	12	Q6FI81;Q6FI81-2;Q6FI81-3	CIAPIN1	Anamorsin;Isoform 2 of Anamorsin;Isoform 3 of Anamorsin	CPIN1_HUMAN	2	-39,49278055550033	0,6050721944449967	TLR10_WO	WT_WO	NaN	NaN	NaN
TLR10_WO / WT_WO	P39019	P39019	-0,6043012060789683	0,6043012060789683	0,007690734771969022	0,034886353205655835	12	P39019	RPS19	40S ribosomal protein S19	RS19_HUMAN	12	-34,22100852961245	0,6577899147038755	TLR10_WO	WT_WO	NaN	NaN	NaN
TLR10_WO / WT_WO	Q9H0H5	Q9H0H5	0,9212315107871114	0,9212315107871114	0,008051139367831152	0,03576474337675283	12	Q9H0H5	RACGAP1	Rac GTPase-activating protein 1	RGAP1_HUMAN	7	89,3731127113202	1,893731127113202	TLR10_WO	WT_WO	NaN	NaN	NaN
TLR10_WO / WT_WO	P17342;P17342-2	P17342;P17342-2	1,1184510013531723	1,1184510013531723	0,008064046298890277	0,03578760104348708	12	P17342;P17342-2	NPR3	Atrial natriuretic peptide receptor 3;Isoform 2 of Atrial natriuretic peptide receptor 3	ANPRC_HUMAN	10	117,11373576235124	2,1711373576235125	TLR10_WO	WT_WO	NaN	NaN	NaN
TLR10_WO / WT_WO	P20020;P20020-1;P20020-2;P20020-4;P20020-5;P20020-6	P20020;P20020-1;P20020-2;P20020-4;P20020-5;P20020-6	1,2335510885683854	1,2335510885683854	0,00813724820333073	0,03588271218580962	11	P20020;P20020-1;P20020-2;P20020-4;P20020-5;P20020-6	ATP2B1	Plasma membrane calcium-transporting ATPase 1;Isoform D of Plasma membrane calcium-transporting ATPase 1;Isoform A of Plasma membrane calcium-transporting ATPase 1;Isoform C of Plasma membrane calcium-transporting ATPase 1;Isoform E of Plasma membrane calcium-transporting ATPase 1;Isoform K of Plasma membrane calcium-transporting ATPase 1	AT2B1_HUMAN	3	135,14507053516888	2,351450705351689	TLR10_WO	WT_WO	NaN	NaN	NaN
TLR10_WO / WT_WO	P42167	P42167	-1,0888761319486076	1,0888761319486076	0,008135395148738083	0,03588271218580962	12	P42167	TMPO	Lamina-associated polypeptide 2, isoforms beta/gamma	LAP2B_HUMAN	6	-52,98725359027263	0,47012746409727363	TLR10_WO	WT_WO	NaN	NaN	NaN
TLR10_WO / WT_WO	P36578	P36578	-0,7465980369774176	0,7465980369774176	0,00827228495970634	0,03615498194237529	12	P36578	RPL4	60S ribosomal protein L4	RL4_HUMAN	15	-40,39926765607233	0,5960073234392766	TLR10_WO	WT_WO	NaN	NaN	NaN
TLR10_WO / WT_WO	Q9UKZ9	Q9UKZ9	1,6566267073364356	1,6566267073364356	0,008357136592847196	0,036353544178885304	12	Q9UKZ9	PCOLCE2	Procollagen C-endopeptidase enhancer 2	PCOC2_HUMAN	5	215,27848178287257	3,1527848178287257	TLR10_WO	WT_WO	NaN	NaN	NaN
TLR10_WO / WT_WO	P35232	P35232	-0,8681307968447951	0,8681307968447951	0,008498584437397587	0,036778012989995564	12	P35232	PHB	Prohibitin	PHB_HUMAN	6	-45,214378847408064	0,5478562115259193	TLR10_WO	WT_WO	NaN	NaN	NaN
TLR10_WO / WT_WO	P05204	P05204	-1,0046169029993086	1,0046169029993086	0,008549939655378324	0,03689421377812393	12	P05204	HMGN2	Non-histone chromosomal protein HMG-17	HMGN2_HUMAN	6	-50,15975390681382	0,49840246093186175	TLR10_WO	WT_WO	NaN	NaN	NaN
TLR10_WO / WT_WO	P16870;P16870-2	P16870;P16870-2	0,7334186959923245	0,7334186959923245	0,008627915088533554	0,037124064372633304	12	P16870;P16870-2	CPE	Carboxypeptidase E;Isoform 2 of Carboxypeptidase E	CBPE_HUMAN	9	66,25741620370655	1,6625741620370655	TLR10_WO	WT_WO	NaN	NaN	NaN
TLR10_WO / WT_WO	P26641;P26641-2	P26641;P26641-2	-0,5880581306035161	0,5880581306035161	0,00866499732456753	0,03720139912810138	12	P26641;P26641-2	EEF1G	Elongation factor 1-gamma;Isoform 2 of Elongation factor 1-gamma	EF1G_HUMAN	16	-33,476228446548284	0,6652377155345172	TLR10_WO	WT_WO	NaN	NaN	NaN
TLR10_WO / WT_WO	Q8NFW8;Q8NFW8-2	Q8NFW8;Q8NFW8-2	-0,7997954283868427	0,7997954283868427	0,008845423777885978	0,037608343974026966	12	Q8NFW8;Q8NFW8-2	CMAS	N-acylneuraminate cytidylyltransferase;Isoform 2 of N-acylneuraminate cytidylyltransferase	NEUA_HUMAN	2	-42,55693750263405	0,5744306249736595	TLR10_WO	WT_WO	NaN	NaN	NaN
TLR10_WO / WT_WO	O14579	O14579	-0,8524504543086644	0,8524504543086644	0,008954929993139495	0,03787755772129841	12	O14579	COPE	Coatomer subunit epsilon	COPE_HUMAN	5	-44,61567801635585	0,5538432198364415	TLR10_WO	WT_WO	NaN	NaN	NaN
TLR10_WO / WT_WO	P43243	P43243	-1,6927108789563095	1,6927108789563095	0,008961149175078193	0,03787755772129841	12	P43243	MATR3	Matrin-3	MATR3_HUMAN	4	-69,06548927171852	0,30934510728281484	TLR10_WO	WT_WO	NaN	NaN	NaN
TLR10_WO / WT_WO	Q96AY3	Q96AY3	-0,8770777314487817	0,8770777314487817	0,009065999969927463	0,038176553298023316	12	Q96AY3	FKBP10	Peptidyl-prolyl cis-trans isomerase FKBP10	FKB10_HUMAN	23	-45,553082875889025	0,5444691712411097	TLR10_WO	WT_WO	NaN	NaN	NaN
TLR10_WO / WT_WO	Q9BPY8	Q9BPY8	-0,6032139145333701	0,6032139145333701	0,009094848145640842	0,03825857246556617	11	Q9BPY8	HOPX	Homeodomain-only protein	HOP_HUMAN	2	-34,17141530510123	0,6582858469489877	TLR10_WO	WT_WO	NaN	NaN	NaN
TLR10_WO / WT_WO	P62861	P62861	-0,9642164889833201	0,9642164889833201	0,009158012191977304	0,038371280524495545	12	P62861	FAU	40S ribosomal protein S30	RS30_HUMAN	2	-48,74433004333461	0,512556699566654	TLR10_WO	WT_WO	NaN	NaN	NaN
TLR10_WO / WT_WO	P08779	P08779	-1,3721429377815249	1,3721429377815249	0,009332849468095398	0,038835710531794146	12	P08779	KRT16	Keratin, type I cytoskeletal 16	K1C16_HUMAN	19	-61,368300217054724	0,3863169978294528	TLR10_WO	WT_WO	NaN	NaN	NaN
TLR10_WO / WT_WO	P27487	P27487	0,6334315596900147	0,6334315596900147	0,009381975250720665	0,038878309317897895	12	P27487	DPP4	Dipeptidyl peptidase 4	DPP4_HUMAN	9	55,12503756199416	1,5512503756199416	TLR10_WO	WT_WO	NaN	NaN	NaN
TLR10_WO / WT_WO	P46777	P46777	-0,9332753058447515	0,9332753058447515	0,009480313589499358	0,03896054007235431	12	P46777	RPL5	60S ribosomal protein L5	RL5_HUMAN	12	-47,633187624864505	0,523668123751355	TLR10_WO	WT_WO	NaN	NaN	NaN
TLR10_WO / WT_WO	P29373	P29373	-0,7372165772249313	0,7372165772249313	0,009552191581570186	0,039098140197621055	12	P29373	CRABP2	Cellular retinoic acid-binding protein 2	RABP2_HUMAN	3	-40,01043718407603	0,5998956281592397	TLR10_WO	WT_WO	NaN	NaN	NaN
TLR10_WO / WT_WO	Q09028;Q09028-3	Q09028;Q09028-3	-0,8287049293894138	0,8287049293894138	0,009563280704877027	0,039098140197621055	12	Q09028;Q09028-3	RBBP4	Histone-binding protein RBBP4;Isoform 3 of Histone-binding protein RBBP4	RBBP4_HUMAN	9	-43,696556275903895	0,563034437240961	TLR10_WO	WT_WO	NaN	NaN	NaN
TLR10_WO / WT_WO	Q9UNH6;Q9UNH6-2;Q9UNH6-3	Q9UNH6;Q9UNH6-2;Q9UNH6-3	-1,9738100934131595	1,9738100934131595	0,009573151221668656	0,039098140197621055	9	Q9UNH6;Q9UNH6-2;Q9UNH6-3	SNX7	Sorting nexin-7;Isoform 2 of Sorting nexin-7;Isoform 3 of Sorting nexin-7	SNX7_HUMAN	2	-74,54201911055594	0,2545798088944407	TLR10_WO	WT_WO	NaN	NaN	NaN
TLR10_WO / WT_WO	O00159-2	O00159-2	0,5858814008585885	0,5858814008585885	0,009721715374665388	0,039298189598108886	11	O00159-2	MYO1C	Isoform 2 of Unconventional myosin-Ic	MYO1C_HUMAN	1	50,09557038865972	1,5009557038865973	TLR10_WO	WT_WO	NaN	NaN	NaN
TLR10_WO / WT_WO	P06454;P06454-2	P06454;P06454-2	-3,623891692155879	3,623891692155879	0,009891329939908803	0,03969444939331548	11	P06454;P06454-2	PTMA	Prothymosin alpha;Isoform 2 of Prothymosin alpha	PTMA_HUMAN	2	-91,88852377438783	0,08111476225612163	TLR10_WO	WT_WO	NaN	NaN	NaN
TLR10_WO / WT_WO	P23258;Q9NRH3	P23258;Q9NRH3	-2,7802853845731055	2,7802853845731055	0,009902238693595218	0,03972094181484781	12	P23258;Q9NRH3	TUBG1;TUBG2	Tubulin gamma-1 chain;Tubulin gamma-2 chain	TBG1_HUMAN;TBG2_HUMAN	2	-85,44370988483088	0,1455629011516913	TLR10_WO	WT_WO	NaN	NaN	NaN
TLR10_WO / WT_WO	Q9P1F3	Q9P1F3	-0,7459129689884587	0,7459129689884587	0,01001438369906656	0,03999681527621993	12	Q9P1F3	ABRACL	Costars family protein ABRACL	ABRAL_HUMAN	3	-40,37095935218355	0,5962904064781646	TLR10_WO	WT_WO	NaN	NaN	NaN
TLR10_WO / WT_WO	P54289;P54289-2;P54289-3;P54289-4;P54289-5	P54289;P54289-2;P54289-3;P54289-4;P54289-5	0,6422122112937951	0,6422122112937951	0,010121407496054629	0,04017819941366816	12	P54289;P54289-2;P54289-3;P54289-4;P54289-5	CACNA2D1	Voltage-dependent calcium channel subunit alpha-2/delta-1;Isoform 2 of Voltage-dependent calcium channel subunit alpha-2/delta-1;Isoform 3 of Voltage-dependent calcium channel subunit alpha-2/delta-1;Isoform 4 of Voltage-dependent calcium channel subunit alpha-2/delta-1;Isoform 5 of Voltage-dependent calcium channel subunit alpha-2/delta-1	CA2D1_HUMAN	6	56,072051555676964	1,5607205155567696	TLR10_WO	WT_WO	NaN	NaN	NaN
TLR10_WO / WT_WO	Q00839;Q00839-2	Q00839;Q00839-2	-0,9698669837175867	0,9698669837175867	0,010104997594078898	0,04017819941366816	12	Q00839;Q00839-2	HNRNPU	Heterogeneous nuclear ribonucleoprotein U;Isoform 2 of Heterogeneous nuclear ribonucleoprotein U	HNRPU_HUMAN	15	-48,94468663883803	0,5105531336116197	TLR10_WO	WT_WO	NaN	NaN	NaN
TLR10_WO / WT_WO	P31751	P31751	-1,4656952294495202	1,4656952294495202	0,01020796762473369	0,0403919329806593	12	P31751	AKT2	RAC-beta serine/threonine-protein kinase	AKT2_HUMAN	2	-63,79389792858006	0,3620610207141994	TLR10_WO	WT_WO	NaN	NaN	NaN
TLR10_WO / WT_WO	Q03252	Q03252	-0,605524184886146	0,605524184886146	0,010276800918613042	0,04053578189540183	12	Q03252	LMNB2	Lamin-B2	LMNB2_HUMAN	17	-34,27674603652592	0,6572325396347408	TLR10_WO	WT_WO	NaN	NaN	NaN
TLR10_WO / WT_WO	P23193;P23193-2	P23193;P23193-2	-1,2861972788122795	1,2861972788122795	0,010302268196216293	0,04056683061721036	12	P23193;P23193-2	TCEA1	Transcription elongation factor A protein 1;Isoform 2 of Transcription elongation factor A protein 1	TCEA1_HUMAN	4	-58,996961712351734	0,4100303828764826	TLR10_WO	WT_WO	NaN	NaN	NaN
TLR10_WO / WT_WO	Q8TCD5	Q8TCD5	-0,8389423972933988	0,8389423972933988	0,01066507508286727	0,04146430118642579	11	Q8TCD5	NT5C	5'(3')-deoxyribonucleotidase, cytosolic type	NT5C_HUMAN	1	-44,0946753557796	0,559053246442204	TLR10_WO	WT_WO	NaN	NaN	NaN
TLR10_WO / WT_WO	Q13103	Q13103	0,9132339083624982	0,9132339083624982	0,010690001063698966	0,04151627478600354	12	Q13103	SPP2	Secreted phosphoprotein 24	SPP24_HUMAN	1	88,32622431413391	1,883262243141339	TLR10_WO	WT_WO	NaN	NaN	NaN
TLR10_WO / WT_WO	Q13275;Q13275-2	Q13275;Q13275-2	0,7582031870070267	0,7582031870070267	0,01103470564165477	0,042347921526150765	12	Q13275;Q13275-2	SEMA3F	Semaphorin-3F;Isoform 2 of Semaphorin-3F	SEM3F_HUMAN	12	69,13827697951176	1,6913827697951176	TLR10_WO	WT_WO	NaN	NaN	NaN
TLR10_WO / WT_WO	P12268	P12268	-0,645106113381685	0,645106113381685	0,01113202583497753	0,04256199927452852	12	P12268	IMPDH2	Inosine-5'-monophosphate dehydrogenase 2	IMDH2_HUMAN	7	-36,05542437276183	0,6394457562723818	TLR10_WO	WT_WO	NaN	NaN	NaN
TLR10_WO / WT_WO	O75190;O75190-2;O75190-3	O75190;O75190-2;O75190-3	-1,0608890506268427	1,0608890506268427	0,011239188674631338	0,042731834898675256	12	O75190;O75190-2;O75190-3	DNAJB6	DnaJ homolog subfamily B member 6;Isoform B of DnaJ homolog subfamily B member 6;Isoform C of DnaJ homolog subfamily B member 6	DNJB6_HUMAN	2	-52,06634191529952	0,4793365808470048	TLR10_WO	WT_WO	NaN	NaN	NaN
TLR10_WO / WT_WO	O94874;O94874-3	O94874;O94874-3	-0,6121670368440694	0,6121670368440694	0,011240286084404527	0,042731834898675256	12	O94874;O94874-3	UFL1	E3 UFM1-protein ligase 1;Isoform 3 of E3 UFM1-protein ligase 1	UFL1_HUMAN	2	-34,57867142029397	0,6542132857970603	TLR10_WO	WT_WO	NaN	NaN	NaN
TLR10_WO / WT_WO	P43007	P43007	1,1476391186654562	1,1476391186654562	0,011508851589954492	0,04332025688267769	10	P43007	SLC1A4	Neutral amino acid transporter A	SATT_HUMAN	1	121,55104300354913	2,2155104300354913	TLR10_WO	WT_WO	NaN	NaN	NaN
TLR10_WO / WT_WO	Q8IV33;Q8IV33-3	Q8IV33;Q8IV33-3	0,9040603438055078	0,9040603438055078	0,011537335670878253	0,04335668686097769	11	Q8IV33;Q8IV33-3	KIAA0825	Uncharacterized protein KIAA0825;Isoform 3 of Uncharacterized protein KIAA0825	K0825_HUMAN	1	87,1325266207245	1,871325266207245	TLR10_WO	WT_WO	NaN	NaN	NaN
TLR10_WO / WT_WO	Q7Z7M9	Q7Z7M9	1,020227384726413	1,020227384726413	0,011583357720322004	0,04345879776111047	12	Q7Z7M9	GALNT5	Polypeptide N-acetylgalactosaminyltransferase 5	GALT5_HUMAN	18	102,82386072708651	2,028238607270865	TLR10_WO	WT_WO	NaN	NaN	NaN
TLR10_WO / WT_WO	E9PAV3;E9PAV3-2;Q13765	E9PAV3;E9PAV3-2;Q13765	-1,0796001385533749	1,0796001385533749	0,011605148726664115	0,04350057419453004	12	E9PAV3;E9PAV3-2;Q13765	NACA	Nascent polypeptide-associated complex subunit alpha, muscle-specific form;Isoform skNAC-2 of Nascent polypeptide-associated complex subunit alpha, muscle-specific form;Nascent polypeptide-associated complex subunit alpha	NACAM_HUMAN;NACAM_HUMAN;NACA_HUMAN	4	-52,684005245725764	0,4731599475427423	TLR10_WO	WT_WO	NaN	NaN	NaN
TLR10_WO / WT_WO	P62736	P62736	-0,7095878996884498	0,7095878996884498	0,011695000247848227	0,043753059750773364	12	P62736	ACTA2	Actin, aortic smooth muscle	ACTA_HUMAN	9	-38,85052149559146	0,6114947850440854	TLR10_WO	WT_WO	NaN	NaN	NaN
TLR10_WO / WT_WO	P39687	P39687	-1,1870685392643618	1,1870685392643618	0,011727424069391633	0,0438565712765327	12	P39687	ANP32A	Acidic leucine-rich nuclear phosphoprotein 32 family member A	AN32A_HUMAN	3	-56,08056315337298	0,4391943684662702	TLR10_WO	WT_WO	NaN	NaN	NaN
TLR10_WO / WT_WO	P61981	P61981	-0,596994561129801	0,596994561129801	0,011759239122892591	0,043957723223070726	12	P61981	YWHAG	14-3-3 protein gamma	1433G_HUMAN	13	-33,88702050153752	0,6611297949846248	TLR10_WO	WT_WO	NaN	NaN	NaN
TLR10_WO / WT_WO	Q8WW12	Q8WW12	-0,8314339895507181	0,8314339895507181	0,011839286166735158	0,04409608119128903	12	Q8WW12	PCNP	PEST proteolytic signal-containing nuclear protein	PCNP_HUMAN	4	-43,8029614703468	0,561970385296532	TLR10_WO	WT_WO	NaN	NaN	NaN
TLR10_WO / WT_WO	P09341	P09341	1,1990944193547535	1,1990944193547535	0,011853297063320549	0,044112633380929016	12	P09341	CXCL1	Growth-regulated alpha protein	GROA_HUMAN	3	129,5955085039412	2,295955085039412	TLR10_WO	WT_WO	NaN	NaN	NaN
TLR10_WO / WT_WO	P04732	P04732	-0,730053102423633	0,730053102423633	0,011969920833030709	0,044367608489633927	12	P04732	MT1E	Metallothionein-1E	MT1E_HUMAN	2	-39,71182773100129	0,6028817226899871	TLR10_WO	WT_WO	NaN	NaN	NaN
TLR10_WO / WT_WO	Q9HB71	Q9HB71	-0,8832655558400827	0,8832655558400827	0,01211242518349467	0,0445911317533684	12	Q9HB71	CACYBP	Calcyclin-binding protein	CYBP_HUMAN	7	-45,786109588200716	0,5421389041179928	TLR10_WO	WT_WO	NaN	NaN	NaN
TLR10_WO / WT_WO	P17096-2	P17096-2	-0,6305818538486625	0,6305818538486625	0,01221491978182014	0,04473385176709356	12	P17096-2	HMGA1	Isoform HMG-Y of High mobility group protein HMG-I/HMG-Y	HMGA1_HUMAN	1	-35,40841417742951	0,6459158582257049	TLR10_WO	WT_WO	NaN	NaN	NaN
TLR10_WO / WT_WO	Q9HDC9;Q9HDC9-2	Q9HDC9;Q9HDC9-2	0,7770078033192643	0,7770078033192643	0,012203126329851688	0,04473385176709356	12	Q9HDC9;Q9HDC9-2	APMAP	Adipocyte plasma membrane-associated protein;Isoform 2 of Adipocyte plasma membrane-associated protein	APMAP_HUMAN	3	71,35731779702105	1,7135731779702106	TLR10_WO	WT_WO	NaN	NaN	NaN
TLR10_WO / WT_WO	P35606;P35606-2	P35606;P35606-2	-0,6495282842294059	0,6495282842294059	0,012424535355890835	0,04508235647274886	12	P35606;P35606-2	COPB2	Coatomer subunit beta';Isoform 2 of Coatomer subunit beta'	COPB2_HUMAN	16	-36,2511281710896	0,637488718289104	TLR10_WO	WT_WO	NaN	NaN	NaN
TLR10_WO / WT_WO	P60866;P60866-2	P60866;P60866-2	-0,6460167677228082	0,6460167677228082	0,012431335036770196	0,04508235647274886	12	P60866;P60866-2	RPS20	40S ribosomal protein S20;Isoform 2 of 40S ribosomal protein S20	RS20_HUMAN	4	-36,095774571010175	0,6390422542898982	TLR10_WO	WT_WO	NaN	NaN	NaN
TLR10_WO / WT_WO	Q15019;Q15019-2;Q15019-3	Q15019;Q15019-2;Q15019-3	-0,9936237118830545	0,9936237118830545	0,012400393787787217	0,04508235647274886	12	Q15019;Q15019-2;Q15019-3	SEPTIN2	Septin-2;Isoform 2 of Septin-2;Isoform 3 of Septin-2	SEPT2_HUMAN	13	-49,77852562816517	0,5022147437183483	TLR10_WO	WT_WO	NaN	NaN	NaN
TLR10_WO / WT_WO	P12956	P12956	-0,9520396781774857	0,9520396781774857	0,012559688524003205	0,04524273880223499	12	P12956	XRCC6	X-ray repair cross-complementing protein 6	XRCC6_HUMAN	14	-48,309884830921945	0,5169011516907805	TLR10_WO	WT_WO	NaN	NaN	NaN
TLR10_WO / WT_WO	Q92530	Q92530	-0,6181266686840523	0,6181266686840523	0,01256289387097826	0,04524273880223499	11	Q92530	PSMF1	Proteasome inhibitor PI31 subunit	PSMF1_HUMAN	1	-34,84836309936983	0,6515163690063017	TLR10_WO	WT_WO	NaN	NaN	NaN
TLR10_WO / WT_WO	Q96RS6	Q96RS6	-0,7653437384287075	0,7653437384287075	0,012580652120204915	0,04528445505563221	12	Q96RS6	NUDCD1	NudC domain-containing protein 1	NUDC1_HUMAN	2	-41,16868203671049	0,5883131796328951	TLR10_WO	WT_WO	NaN	NaN	NaN
TLR10_WO / WT_WO	Q07955	Q07955	-0,9292056137706997	0,9292056137706997	0,012667202249070834	0,04538342623967802	12	Q07955	SRSF1	Serine/arginine-rich splicing factor 1	SRSF1_HUMAN	5	-47,48525776568864	0,5251474223431136	TLR10_WO	WT_WO	NaN	NaN	NaN
TLR10_WO / WT_WO	Q9UBT2	Q9UBT2	-2,5973245237881333	2,5973245237881333	0,012751337899732203	0,045613979096714656	10	Q9UBT2	UBA2	SUMO-activating enzyme subunit 2	SAE2_HUMAN	4	-83,4755349124106	0,16524465087589402	TLR10_WO	WT_WO	NaN	NaN	NaN
TLR10_WO / WT_WO	Q8N163;Q8N163-2	Q8N163;Q8N163-2	-1,5524467927401449	1,5524467927401449	0,01282004390894282	0,045700210641001424	12	Q8N163;Q8N163-2	CCAR2	Cell cycle and apoptosis regulator protein 2;Isoform 2 of Cell cycle and apoptosis regulator protein 2	CCAR2_HUMAN	4	-65,90686417300032	0,34093135826999693	TLR10_WO	WT_WO	NaN	NaN	NaN
TLR10_WO / WT_WO	O43396	O43396	-0,9128791557224227	0,9128791557224227	0,013072043302845058	0,04622330649495288	12	O43396	TXNL1	Thioredoxin-like protein 1	TXNL1_HUMAN	8	-46,88759201380939	0,5311240798619061	TLR10_WO	WT_WO	NaN	NaN	NaN
TLR10_WO / WT_WO	A6NCE7;Q9GZQ8	A6NCE7;Q9GZQ8	-1,694169236200515	1,694169236200515	0,013289085586329024	0,04666539440192031	12	A6NCE7;Q9GZQ8	MAP1LC3B2;MAP1LC3B	Microtubule-associated proteins 1A/1B light chain 3 beta 2;Microtubule-associated proteins 1A/1B light chain 3B	MP3B2_HUMAN;MLP3B_HUMAN	1	-69,0967438144698	0,3090325618553019	TLR10_WO	WT_WO	NaN	NaN	NaN
TLR10_WO / WT_WO	Q92954;Q92954-3;Q92954-6	Q92954;Q92954-3;Q92954-6	1,6298121014419618	1,6298121014419618	0,013311577959420229	0,046694321773211624	12	Q92954;Q92954-3;Q92954-6	PRG4	Proteoglycan 4;Isoform C of Proteoglycan 4;Isoform F of Proteoglycan 4	PRG4_HUMAN	16	209,47268994089967	3,0947268994089967	TLR10_WO	WT_WO	NaN	NaN	NaN
TLR10_WO / WT_WO	P49747	P49747	-0,7368305256537515	0,7368305256537515	0,014070732768736011	0,04813067418148498	12	P49747	COMP	Cartilage oligomeric matrix protein	COMP_HUMAN	30	-39,99438239552199	0,6000561760447801	TLR10_WO	WT_WO	NaN	NaN	NaN
TLR10_WO / WT_WO	P62304	P62304	-1,4637093883387007	1,4637093883387007	0,014128726204270942	0,04818613464213938	12	P62304	SNRPE	Small nuclear ribonucleoprotein E	RUXE_HUMAN	2	-63,74402663160286	0,3625597336839714	TLR10_WO	WT_WO	NaN	NaN	NaN
TLR10_WO / WT_WO	P67936-2	P67936-2	-1,0018892665860009	1,0018892665860009	0,01413397247961256	0,04818613464213938	12	P67936-2	TPM4	Isoform 2 of Tropomyosin alpha-4 chain	TPM4_HUMAN	8	-50,06543413671618	0,49934565863283825	TLR10_WO	WT_WO	NaN	NaN	NaN
TLR10_WO / WT_WO	P62917	P62917	-0,7466430609556494	0,7466430609556494	0,01428212393324121	0,04851187731578285	12	P62917	RPL8	60S ribosomal protein L8	RL8_HUMAN	12	-40,401127661220315	0,5959887233877968	TLR10_WO	WT_WO	NaN	NaN	NaN
TLR10_WO / WT_WO	P62244	P62244	-1,4743978728023768	1,4743978728023768	0,014470293894919559	0,04884402349580463	12	P62244	RPS15A	40S ribosomal protein S15a	RS15A_HUMAN	4	-64,01164343356798	0,3598835656643203	TLR10_WO	WT_WO	NaN	NaN	NaN
TLR10_WO / WT_WO	Q5QJ74	Q5QJ74	0,9669684352517275	0,9669684352517275	0,01451690538648881	0,04894877567612425	5	Q5QJ74	TBCEL	Tubulin-specific chaperone cofactor E-like protein	TBCEL_HUMAN	1	95,47287648113023	1,9547287648113023	TLR10_WO	WT_WO	NaN	NaN	NaN
TLR10_WO / WT_WO	P02655	P02655	0,6163935650306648	0,6163935650306648	0,014602518845954092	0,0491835021173808	12	P02655	APOC2	Apolipoprotein C-II	APOC2_HUMAN	1	53,30381136539963	1,5330381136539963	TLR10_WO	WT_WO	NaN	NaN	NaN
TLR10_WO / WT_WO	Q9NWM8	Q9NWM8	0,9690924026800066	0,9690924026800066	0,014805782710879083	0,04961443610455193	12	Q9NWM8	FKBP14	Peptidyl-prolyl cis-trans isomerase FKBP14	FKB14_HUMAN	4	95,76086789867372	1,9576086789867373	TLR10_WO	WT_WO	NaN	NaN	NaN
TLR10_WO / WT_WO	P23588;P23588-2	P23588;P23588-2	-0,8648381658589036	0,8648381658589036	0,01488594817883289	0,04975651109285862	12	P23588;P23588-2	EIF4B	Eukaryotic translation initiation factor 4B;Isoform 2 of Eukaryotic translation initiation factor 4B	IF4B_HUMAN	8	-45,0892000437915	0,549107999562085	TLR10_WO	WT_WO	NaN	NaN	NaN
TLR10_WO / WT_WO	P10114;P61225;Q9Y3L5	P10114;P61225;Q9Y3L5	1,3916559232923262	1,3916559232923262	0,015014862301521078	0,0499624784241135	6	P10114;P61225;Q9Y3L5	RAP2A;RAP2B;RAP2C	Ras-related protein Rap-2a;Ras-related protein Rap-2b;Ras-related protein Rap-2c	RAP2A_HUMAN;RAP2B_HUMAN;RAP2C_HUMAN	1	162,37966700714935	2,6237966700714934	TLR10_WO	WT_WO	NaN	NaN	NaN
